{
  "name": "working",
  "version": "1.0.0",
  "lockfileVersion": 1,
  "requires": true,
  "dependencies": {
    "abbrev": {
      "version": "1.1.1",
      "resolved": "https://registry.npmjs.org/abbrev/-/abbrev-1.1.1.tgz",
      "integrity": "sha512-nne9/IiQ/hzIhY6pdDnbBtz7DjPTKrY00P/zvPSm5pOFkl6xuGrGnXn/VtTNNfNtAfZ9/1RtehkszU9qcTii0Q=="
    },
    "accepts": {
      "version": "1.3.4",
      "resolved": "https://registry.npmjs.org/accepts/-/accepts-1.3.4.tgz",
      "integrity": "sha1-hiRnWMfdbSGmR0/whKR0DsBesh8=",
      "requires": {
        "mime-types": "2.1.17",
        "negotiator": "0.6.1"
      }
    },
    "ajv": {
      "version": "5.3.0",
      "resolved": "https://registry.npmjs.org/ajv/-/ajv-5.3.0.tgz",
      "integrity": "sha1-RBT/dKUIecII7l/cgm4ywwNUnto=",
      "requires": {
        "co": "4.6.0",
        "fast-deep-equal": "1.0.0",
        "fast-json-stable-stringify": "2.0.0",
        "json-schema-traverse": "0.3.1"
      }
    },
    "align-text": {
      "version": "0.1.4",
      "resolved": "https://registry.npmjs.org/align-text/-/align-text-0.1.4.tgz",
      "integrity": "sha1-DNkKVhCT810KmSVsIrcGlDP60Rc=",
      "requires": {
        "kind-of": "3.2.2",
        "longest": "1.0.1",
        "repeat-string": "1.6.1"
      }
    },
    "amdefine": {
      "version": "1.0.1",
      "resolved": "https://registry.npmjs.org/amdefine/-/amdefine-1.0.1.tgz",
      "integrity": "sha1-SlKCrBZHKek2Gbz9OtFR+BfOkfU="
    },
    "ansi-regex": {
      "version": "2.1.1",
      "resolved": "https://registry.npmjs.org/ansi-regex/-/ansi-regex-2.1.1.tgz",
      "integrity": "sha1-w7M6te42DYbg5ijwRorn7yfWVN8="
    },
    "aproba": {
      "version": "1.2.0",
      "resolved": "https://registry.npmjs.org/aproba/-/aproba-1.2.0.tgz",
      "integrity": "sha512-Y9J6ZjXtoYh8RnXVCMOU/ttDmk1aBjunq9vO0ta5x85WDQiQfUF9sIPBITdbiiIVcBo03Hi3jMxigBtsddlXRw=="
    },
    "are-we-there-yet": {
      "version": "1.1.4",
      "resolved": "https://registry.npmjs.org/are-we-there-yet/-/are-we-there-yet-1.1.4.tgz",
      "integrity": "sha1-u13KOCu5TwXhUZQ3PRb9O6HKEQ0=",
      "requires": {
        "delegates": "1.0.0",
        "readable-stream": "2.2.7"
      }
    },
    "array-flatten": {
      "version": "1.1.1",
      "resolved": "https://registry.npmjs.org/array-flatten/-/array-flatten-1.1.1.tgz",
      "integrity": "sha1-ml9pkFGx5wczKPKgCJaLZOopVdI="
    },
    "asap": {
      "version": "2.0.6",
      "resolved": "https://registry.npmjs.org/asap/-/asap-2.0.6.tgz",
      "integrity": "sha1-5QNHYR1+aQlDIIu9r+vLwvuGbUY="
    },
    "asn1": {
      "version": "0.2.3",
      "resolved": "https://registry.npmjs.org/asn1/-/asn1-0.2.3.tgz",
      "integrity": "sha1-2sh4dxPJlmhJ/IGAd36+nB3fO4Y="
    },
    "assert-plus": {
      "version": "1.0.0",
      "resolved": "https://registry.npmjs.org/assert-plus/-/assert-plus-1.0.0.tgz",
      "integrity": "sha1-8S4PPF13sLHN2RRpQuTpbB5N1SU="
    },
    "async": {
      "version": "1.5.2",
      "resolved": "https://registry.npmjs.org/async/-/async-1.5.2.tgz",
      "integrity": "sha1-7GphrlZIDAw8skHJVhjiCJL5Zyo="
    },
    "async-foreach": {
      "version": "0.1.3",
      "resolved": "https://registry.npmjs.org/async-foreach/-/async-foreach-0.1.3.tgz",
      "integrity": "sha1-NhIfhFwFeBct5Bmpfb6x0W7DRUI="
    },
    "asynckit": {
      "version": "0.4.0",
      "resolved": "https://registry.npmjs.org/asynckit/-/asynckit-0.4.0.tgz",
      "integrity": "sha1-x57Zf380y48robyXkLzDZkdLS3k="
    },
    "aws": {
      "version": "0.0.3-2",
      "resolved": "https://registry.npmjs.org/aws/-/aws-0.0.3-2.tgz",
      "integrity": "sha1-jEwXDEc2SzCf3+Sw/kwXEESD+kY=",
      "requires": {
        "vows": "0.8.1"
      }
    },
    "aws-sdk": {
      "version": "2.149.0",
      "resolved": "https://registry.npmjs.org/aws-sdk/-/aws-sdk-2.149.0.tgz",
      "integrity": "sha1-dvU3Iqd4C9sxkeg/J8EBCMb+mBM=",
      "requires": {
        "buffer": "4.9.1",
        "crypto-browserify": "1.0.9",
        "events": "1.1.1",
        "jmespath": "0.15.0",
        "querystring": "0.2.0",
        "sax": "1.2.1",
        "url": "0.10.3",
        "uuid": "3.1.0",
        "xml2js": "0.4.17",
        "xmlbuilder": "4.2.1"
      }
    },
    "aws-sign2": {
      "version": "0.7.0",
      "resolved": "https://registry.npmjs.org/aws-sign2/-/aws-sign2-0.7.0.tgz",
      "integrity": "sha1-tG6JCTSpWR8tL2+G1+ap8bP+dqg="
    },
    "aws4": {
      "version": "1.6.0",
      "resolved": "https://registry.npmjs.org/aws4/-/aws4-1.6.0.tgz",
      "integrity": "sha1-g+9cqGCysy5KDe7e6MdxudtXRx4="
    },
    "balanced-match": {
      "version": "1.0.0",
      "resolved": "https://registry.npmjs.org/balanced-match/-/balanced-match-1.0.0.tgz",
      "integrity": "sha1-ibTRmasr7kneFk6gK4nORi1xt2c="
    },
    "base64-js": {
      "version": "1.2.1",
      "resolved": "https://registry.npmjs.org/base64-js/-/base64-js-1.2.1.tgz",
      "integrity": "sha512-dwVUVIXsBZXwTuwnXI9RK8sBmgq09NDHzyR9SAph9eqk76gKK2JSQmZARC2zRC81JC2QTtxD0ARU5qTS25gIGw=="
    },
    "bcrypt": {
      "version": "1.0.3",
      "resolved": "https://registry.npmjs.org/bcrypt/-/bcrypt-1.0.3.tgz",
      "integrity": "sha512-pRyDdo73C8Nim3jwFJ7DWe3TZCgwDfWZ6nHS5LSdU77kWbj1frruvdndP02AOavtD4y8v6Fp2dolbHgp4SDrfg==",
      "requires": {
        "nan": "2.6.2",
        "node-pre-gyp": "0.6.36"
      }
    },
    "bcrypt-pbkdf": {
      "version": "1.0.1",
      "resolved": "https://registry.npmjs.org/bcrypt-pbkdf/-/bcrypt-pbkdf-1.0.1.tgz",
      "integrity": "sha1-Y7xdy2EzG5K8Bf1SiVPDNGKgb40=",
      "optional": true,
      "requires": {
        "tweetnacl": "0.14.5"
      }
    },
    "bl": {
      "version": "1.2.1",
      "resolved": "https://registry.npmjs.org/bl/-/bl-1.2.1.tgz",
      "integrity": "sha1-ysMo977kVzDUBLaSID/LWQ4XLV4=",
      "requires": {
        "readable-stream": "2.2.7"
      }
    },
    "block-stream": {
      "version": "0.0.9",
      "resolved": "https://registry.npmjs.org/block-stream/-/block-stream-0.0.9.tgz",
      "integrity": "sha1-E+v+d4oDIFz+A3UUgeu0szAMEmo=",
      "requires": {
        "inherits": "2.0.3"
      }
    },
    "bluebird": {
      "version": "3.5.1",
      "resolved": "https://registry.npmjs.org/bluebird/-/bluebird-3.5.1.tgz",
      "integrity": "sha512-MKiLiV+I1AA596t9w1sQJ8jkiSr5+ZKi0WKrYGUn6d1Fx+Ij4tIj+m2WMQSGczs5jZVxV339chE8iwk6F64wjA=="
    },
    "body-parser": {
      "version": "1.18.2",
      "resolved": "https://registry.npmjs.org/body-parser/-/body-parser-1.18.2.tgz",
      "integrity": "sha1-h2eKGdhLR9hZuDGZvVm84iKxBFQ=",
      "requires": {
        "bytes": "3.0.0",
        "content-type": "1.0.4",
        "debug": "2.6.9",
        "depd": "1.1.1",
        "http-errors": "1.6.2",
        "iconv-lite": "0.4.19",
        "on-finished": "2.3.0",
        "qs": "6.5.1",
        "raw-body": "2.3.2",
        "type-is": "1.6.15"
      }
    },
    "boom": {
      "version": "4.3.1",
      "resolved": "https://registry.npmjs.org/boom/-/boom-4.3.1.tgz",
      "integrity": "sha1-T4owBctKfjiJ90kDD9JbluAdLjE=",
      "requires": {
        "hoek": "4.2.0"
      }
    },
    "brace-expansion": {
      "version": "1.1.8",
      "resolved": "https://registry.npmjs.org/brace-expansion/-/brace-expansion-1.1.8.tgz",
      "integrity": "sha1-wHshHHyVLsH479Uad+8NHTmQopI=",
      "requires": {
        "balanced-match": "1.0.0",
        "concat-map": "0.0.1"
      }
    },
    "bson": {
      "version": "1.0.4",
      "resolved": "https://registry.npmjs.org/bson/-/bson-1.0.4.tgz",
      "integrity": "sha1-k8ENOeqltYQVy8QFLz5T5WKwtyw="
    },
    "buffer": {
      "version": "4.9.1",
      "resolved": "https://registry.npmjs.org/buffer/-/buffer-4.9.1.tgz",
      "integrity": "sha1-bRu2AbB6TvztlwlBMgkwJ8lbwpg=",
      "requires": {
        "base64-js": "1.2.1",
        "ieee754": "1.1.8",
        "isarray": "1.0.0"
      }
    },
    "buffer-shims": {
      "version": "1.0.0",
      "resolved": "https://registry.npmjs.org/buffer-shims/-/buffer-shims-1.0.0.tgz",
      "integrity": "sha1-mXjOMXOIxkmth5MCjDR37wRKi1E="
    },
    "busboy": {
      "version": "0.2.14",
      "resolved": "https://registry.npmjs.org/busboy/-/busboy-0.2.14.tgz",
      "integrity": "sha1-bCpiLvz0fFe7vh4qnDetNseSVFM=",
      "requires": {
        "dicer": "0.2.5",
        "readable-stream": "1.1.14"
      },
      "dependencies": {
        "isarray": {
          "version": "0.0.1",
          "resolved": "https://registry.npmjs.org/isarray/-/isarray-0.0.1.tgz",
          "integrity": "sha1-ihis/Kmo9Bd+Cav8YDiTmwXR7t8="
        },
        "readable-stream": {
          "version": "1.1.14",
          "resolved": "https://registry.npmjs.org/readable-stream/-/readable-stream-1.1.14.tgz",
          "integrity": "sha1-fPTFTvZI44EwhMY23SB54WbAgdk=",
          "requires": {
            "core-util-is": "1.0.2",
            "inherits": "2.0.3",
            "isarray": "0.0.1",
            "string_decoder": "0.10.31"
          }
        },
        "string_decoder": {
          "version": "0.10.31",
          "resolved": "https://registry.npmjs.org/string_decoder/-/string_decoder-0.10.31.tgz",
          "integrity": "sha1-YuIDvEF2bGwoyfyEMB2rHFMQ+pQ="
        }
      }
    },
    "busboy-body-parser": {
      "version": "0.3.1",
      "resolved": "https://registry.npmjs.org/busboy-body-parser/-/busboy-body-parser-0.3.1.tgz",
      "integrity": "sha512-/IFknv2ZbyCpwaQUf4jX+234OB76+4rj6v+e3zPmuCKuWOUzzeTrtkywOLvxRxp7Osu3fvQHLEeeUSPifpP+uA==",
      "requires": {
        "bl": "1.2.1",
        "busboy": "0.2.14",
        "bytes": "2.5.0",
        "debug": "2.6.9"
      },
      "dependencies": {
        "bytes": {
          "version": "2.5.0",
          "resolved": "https://registry.npmjs.org/bytes/-/bytes-2.5.0.tgz",
          "integrity": "sha1-TJQj6i0lLCcMQbK97+/5u2tiwGo="
        }
      }
    },
    "bytes": {
      "version": "3.0.0",
      "resolved": "https://registry.npmjs.org/bytes/-/bytes-3.0.0.tgz",
      "integrity": "sha1-0ygVQE1olpn4Wk6k+odV3ROpYEg="
    },
    "camelcase": {
      "version": "1.2.1",
      "resolved": "https://registry.npmjs.org/camelcase/-/camelcase-1.2.1.tgz",
      "integrity": "sha1-m7UwTS4LVmmLLHWLCKPqqdqlijk=",
      "optional": true
    },
    "caseless": {
      "version": "0.12.0",
      "resolved": "https://registry.npmjs.org/caseless/-/caseless-0.12.0.tgz",
      "integrity": "sha1-G2gcIf+EAzyCZUMJBolCDRhxUdw="
    },
    "center-align": {
      "version": "0.1.3",
      "resolved": "https://registry.npmjs.org/center-align/-/center-align-0.1.3.tgz",
      "integrity": "sha1-qg0yYptu6XIgBBHL1EYckHvCt60=",
      "optional": true,
      "requires": {
        "align-text": "0.1.4",
        "lazy-cache": "1.0.4"
      }
    },
    "cliui": {
      "version": "2.1.0",
      "resolved": "https://registry.npmjs.org/cliui/-/cliui-2.1.0.tgz",
      "integrity": "sha1-S0dXYP+AJkx2LDoXGQMukcf+oNE=",
      "optional": true,
      "requires": {
        "center-align": "0.1.3",
        "right-align": "0.1.3",
        "wordwrap": "0.0.2"
      },
      "dependencies": {
        "wordwrap": {
          "version": "0.0.2",
          "resolved": "https://registry.npmjs.org/wordwrap/-/wordwrap-0.0.2.tgz",
          "integrity": "sha1-t5Zpu0LstAn4PVg8rVLKF+qhZD8=",
          "optional": true
        }
      }
    },
    "co": {
      "version": "4.6.0",
      "resolved": "https://registry.npmjs.org/co/-/co-4.6.0.tgz",
      "integrity": "sha1-bqa989hTrlTMuOR7+gvz+QMfsYQ="
    },
    "code-point-at": {
      "version": "1.1.0",
      "resolved": "https://registry.npmjs.org/code-point-at/-/code-point-at-1.1.0.tgz",
      "integrity": "sha1-DQcLTQQ6W+ozovGkDi7bPZpMz3c="
    },
    "combined-stream": {
      "version": "1.0.5",
      "resolved": "https://registry.npmjs.org/combined-stream/-/combined-stream-1.0.5.tgz",
      "integrity": "sha1-k4NwpXtKUd6ix3wV1cX9+JUWQAk=",
      "requires": {
        "delayed-stream": "1.0.0"
      }
    },
    "concat-map": {
      "version": "0.0.1",
      "resolved": "https://registry.npmjs.org/concat-map/-/concat-map-0.0.1.tgz",
      "integrity": "sha1-2Klr13/Wjfd5OnMDajug1UBdR3s="
    },
    "connect-flash": {
      "version": "0.1.1",
      "resolved": "https://registry.npmjs.org/connect-flash/-/connect-flash-0.1.1.tgz",
      "integrity": "sha1-2GMPJtlaf4UfmVax6MxnMvO2qjA="
    },
    "console-control-strings": {
      "version": "1.1.0",
      "resolved": "https://registry.npmjs.org/console-control-strings/-/console-control-strings-1.1.0.tgz",
      "integrity": "sha1-PXz0Rk22RG6mRL9LOVB/mFEAjo4="
    },
    "content-disposition": {
      "version": "0.5.2",
      "resolved": "https://registry.npmjs.org/content-disposition/-/content-disposition-0.5.2.tgz",
      "integrity": "sha1-DPaLud318r55YcOoUXjLhdunjLQ="
    },
    "content-type": {
      "version": "1.0.4",
      "resolved": "https://registry.npmjs.org/content-type/-/content-type-1.0.4.tgz",
      "integrity": "sha512-hIP3EEPs8tB9AT1L+NUqtwOAps4mk2Zob89MWXMHjHWg9milF/j4osnnQLXBCBFBk/tvIG/tUc9mOUJiPBhPXA=="
    },
    "cookie": {
      "version": "0.3.1",
      "resolved": "https://registry.npmjs.org/cookie/-/cookie-0.3.1.tgz",
      "integrity": "sha1-5+Ch+e9DtMi6klxcWpboBtFoc7s="
    },
    "cookie-parser": {
      "version": "1.4.3",
      "resolved": "https://registry.npmjs.org/cookie-parser/-/cookie-parser-1.4.3.tgz",
      "integrity": "sha1-D+MfoZ0AC5X0qt8fU/3CuKIDuqU=",
      "requires": {
        "cookie": "0.3.1",
        "cookie-signature": "1.0.6"
      }
    },
    "cookie-signature": {
      "version": "1.0.6",
      "resolved": "https://registry.npmjs.org/cookie-signature/-/cookie-signature-1.0.6.tgz",
      "integrity": "sha1-4wOogrNCzD7oylE6eZmXNNqzriw="
    },
    "core-util-is": {
      "version": "1.0.2",
      "resolved": "https://registry.npmjs.org/core-util-is/-/core-util-is-1.0.2.tgz",
      "integrity": "sha1-tf1UIgqivFq1eqtxQMlAdUUDwac="
    },
    "crc": {
      "version": "3.4.4",
      "resolved": "https://registry.npmjs.org/crc/-/crc-3.4.4.tgz",
      "integrity": "sha1-naHpgOO9RPxck79as9ozeNheRms="
    },
    "cryptiles": {
      "version": "3.1.2",
      "resolved": "https://registry.npmjs.org/cryptiles/-/cryptiles-3.1.2.tgz",
      "integrity": "sha1-qJ+7Ig9c4l7FboxKqKT9e1sNKf4=",
      "requires": {
        "boom": "5.2.0"
      },
      "dependencies": {
        "boom": {
          "version": "5.2.0",
          "resolved": "https://registry.npmjs.org/boom/-/boom-5.2.0.tgz",
          "integrity": "sha512-Z5BTk6ZRe4tXXQlkqftmsAUANpXmuwlsF5Oov8ThoMbQRzdGTA1ngYRW160GexgOgjsFOKJz0LYhoNi+2AMBUw==",
          "requires": {
            "hoek": "4.2.0"
          }
        }
      }
    },
    "crypto-browserify": {
      "version": "1.0.9",
      "resolved": "https://registry.npmjs.org/crypto-browserify/-/crypto-browserify-1.0.9.tgz",
      "integrity": "sha1-zFRJaF37hesRyYKKzHy4erW7/MA="
    },
    "dashdash": {
      "version": "1.14.1",
      "resolved": "https://registry.npmjs.org/dashdash/-/dashdash-1.14.1.tgz",
      "integrity": "sha1-hTz6D3y+L+1d4gMmuN1YEDX24vA=",
      "requires": {
        "assert-plus": "1.0.0"
      }
    },
    "dateformat": {
      "version": "3.0.2",
      "resolved": "https://registry.npmjs.org/dateformat/-/dateformat-3.0.2.tgz",
      "integrity": "sha1-mk30v/FYrC80vGN6vbFUcWB+Flk="
    },
    "debug": {
      "version": "2.6.9",
      "resolved": "https://registry.npmjs.org/debug/-/debug-2.6.9.tgz",
      "integrity": "sha512-bC7ElrdJaJnPbAP+1EotYvqZsb3ecl5wi6Bfi6BJTUcNowp6cvspg0jXznRTKDjm/E7AdgFBVeAPVMNcKGsHMA==",
      "requires": {
        "ms": "2.0.0"
      }
    },
    "decamelize": {
      "version": "1.2.0",
      "resolved": "https://registry.npmjs.org/decamelize/-/decamelize-1.2.0.tgz",
      "integrity": "sha1-9lNNFRSCabIDUue+4m9QH5oZEpA=",
      "optional": true
    },
    "deep-extend": {
      "version": "0.4.2",
      "resolved": "https://registry.npmjs.org/deep-extend/-/deep-extend-0.4.2.tgz",
      "integrity": "sha1-SLaZwn4zS/ifEIkr5DL25MfTSn8="
    },
    "define-properties": {
      "version": "1.1.2",
      "resolved": "https://registry.npmjs.org/define-properties/-/define-properties-1.1.2.tgz",
      "integrity": "sha1-g6c/L+pWmJj7c3GTyPhzyvbUXJQ=",
      "requires": {
        "foreach": "2.0.5",
        "object-keys": "1.0.11"
      }
    },
    "delayed-stream": {
      "version": "1.0.0",
      "resolved": "https://registry.npmjs.org/delayed-stream/-/delayed-stream-1.0.0.tgz",
      "integrity": "sha1-3zrhmayt+31ECqrgsp4icrJOxhk="
    },
    "delegates": {
      "version": "1.0.0",
      "resolved": "https://registry.npmjs.org/delegates/-/delegates-1.0.0.tgz",
      "integrity": "sha1-hMbhWbgZBP3KWaDvRM2HDTElD5o="
    },
    "depd": {
      "version": "1.1.1",
      "resolved": "https://registry.npmjs.org/depd/-/depd-1.1.1.tgz",
      "integrity": "sha1-V4O04cRZ8G+lyif5kfPQbnoxA1k="
    },
    "destroy": {
      "version": "1.0.4",
      "resolved": "https://registry.npmjs.org/destroy/-/destroy-1.0.4.tgz",
      "integrity": "sha1-l4hXRCxEdJ5CBmE+N5RiBYJqvYA="
    },
    "dicer": {
      "version": "0.2.5",
      "resolved": "https://registry.npmjs.org/dicer/-/dicer-0.2.5.tgz",
      "integrity": "sha1-WZbAhrszIYyBLAkL3cCc0S+stw8=",
      "requires": {
        "readable-stream": "1.1.14",
        "streamsearch": "0.1.2"
      },
      "dependencies": {
        "isarray": {
          "version": "0.0.1",
          "resolved": "https://registry.npmjs.org/isarray/-/isarray-0.0.1.tgz",
          "integrity": "sha1-ihis/Kmo9Bd+Cav8YDiTmwXR7t8="
        },
        "readable-stream": {
          "version": "1.1.14",
          "resolved": "https://registry.npmjs.org/readable-stream/-/readable-stream-1.1.14.tgz",
          "integrity": "sha1-fPTFTvZI44EwhMY23SB54WbAgdk=",
          "requires": {
            "core-util-is": "1.0.2",
            "inherits": "2.0.3",
            "isarray": "0.0.1",
            "string_decoder": "0.10.31"
          }
        },
        "string_decoder": {
          "version": "0.10.31",
          "resolved": "https://registry.npmjs.org/string_decoder/-/string_decoder-0.10.31.tgz",
          "integrity": "sha1-YuIDvEF2bGwoyfyEMB2rHFMQ+pQ="
        }
      }
    },
    "diff": {
      "version": "1.0.8",
      "resolved": "https://registry.npmjs.org/diff/-/diff-1.0.8.tgz",
      "integrity": "sha1-NDJ2MI7Jkbe8giZ+1VvBQR+XFmY="
    },
    "ecc-jsbn": {
      "version": "0.1.1",
      "resolved": "https://registry.npmjs.org/ecc-jsbn/-/ecc-jsbn-0.1.1.tgz",
      "integrity": "sha1-D8c6ntXw1Tw4GTOYUj735UN3dQU=",
      "optional": true,
      "requires": {
        "jsbn": "0.1.1"
      }
    },
    "ee-first": {
      "version": "1.1.1",
      "resolved": "https://registry.npmjs.org/ee-first/-/ee-first-1.1.1.tgz",
      "integrity": "sha1-WQxhFWsK4vTwJVcyoViyZrxWsh0="
    },
    "encodeurl": {
      "version": "1.0.1",
      "resolved": "https://registry.npmjs.org/encodeurl/-/encodeurl-1.0.1.tgz",
      "integrity": "sha1-eePVhlU0aQn+bw9Fpd5oEDspTSA="
    },
    "es6-promise": {
      "version": "3.2.1",
      "resolved": "https://registry.npmjs.org/es6-promise/-/es6-promise-3.2.1.tgz",
      "integrity": "sha1-7FYjOGgDKQkgcXDDlEjiREndH8Q="
    },
    "escape-html": {
      "version": "1.0.3",
      "resolved": "https://registry.npmjs.org/escape-html/-/escape-html-1.0.3.tgz",
      "integrity": "sha1-Aljq5NPQwJdN4cFpGI7wBR0dGYg="
    },
    "etag": {
      "version": "1.8.1",
      "resolved": "https://registry.npmjs.org/etag/-/etag-1.8.1.tgz",
      "integrity": "sha1-Qa4u62XvpiJorr/qg6x9eSmbCIc="
    },
    "events": {
      "version": "1.1.1",
      "resolved": "https://registry.npmjs.org/events/-/events-1.1.1.tgz",
      "integrity": "sha1-nr23Y1rQmccNzEwqH1AEKI6L2SQ="
    },
    "express": {
      "version": "4.16.2",
      "resolved": "https://registry.npmjs.org/express/-/express-4.16.2.tgz",
      "integrity": "sha1-41xt/i1kt9ygpc1PIXgb4ymeB2w=",
      "requires": {
        "accepts": "1.3.4",
        "array-flatten": "1.1.1",
        "body-parser": "1.18.2",
        "content-disposition": "0.5.2",
        "content-type": "1.0.4",
        "cookie": "0.3.1",
        "cookie-signature": "1.0.6",
        "debug": "2.6.9",
        "depd": "1.1.1",
        "encodeurl": "1.0.1",
        "escape-html": "1.0.3",
        "etag": "1.8.1",
        "finalhandler": "1.1.0",
        "fresh": "0.5.2",
        "merge-descriptors": "1.0.1",
        "methods": "1.1.2",
        "on-finished": "2.3.0",
        "parseurl": "1.3.2",
        "path-to-regexp": "0.1.7",
        "proxy-addr": "2.0.2",
        "qs": "6.5.1",
        "range-parser": "1.2.0",
        "safe-buffer": "5.1.1",
        "send": "0.16.1",
        "serve-static": "1.13.1",
        "setprototypeof": "1.1.0",
        "statuses": "1.3.1",
        "type-is": "1.6.15",
        "utils-merge": "1.0.1",
        "vary": "1.1.2"
      }
    },
    "express-handlebars": {
      "version": "3.0.0",
      "resolved": "https://registry.npmjs.org/express-handlebars/-/express-handlebars-3.0.0.tgz",
      "integrity": "sha1-gKBwu4GbCeSvLKbQeA91zgXnXC8=",
      "requires": {
        "glob": "6.0.4",
        "graceful-fs": "4.1.11",
        "handlebars": "4.0.5",
        "object.assign": "4.0.4",
        "promise": "7.3.1"
      }
    },
    "express-session": {
      "version": "1.15.6",
      "resolved": "https://registry.npmjs.org/express-session/-/express-session-1.15.6.tgz",
      "integrity": "sha512-r0nrHTCYtAMrFwZ0kBzZEXa1vtPVrw0dKvGSrKP4dahwBQ1BJpF2/y1Pp4sCD/0kvxV4zZeclyvfmw0B4RMJQA==",
      "requires": {
        "cookie": "0.3.1",
        "cookie-signature": "1.0.6",
        "crc": "3.4.4",
        "debug": "2.6.9",
        "depd": "1.1.1",
        "on-headers": "1.0.1",
        "parseurl": "1.3.2",
        "uid-safe": "2.1.5",
        "utils-merge": "1.0.1"
      }
    },
    "extend": {
      "version": "3.0.1",
      "resolved": "https://registry.npmjs.org/extend/-/extend-3.0.1.tgz",
      "integrity": "sha1-p1Xqe8Gt/MWjHOfnYtuq3F5jZEQ="
    },
    "extsprintf": {
      "version": "1.3.0",
      "resolved": "https://registry.npmjs.org/extsprintf/-/extsprintf-1.3.0.tgz",
      "integrity": "sha1-lpGEQOMEGnpBT4xS48V06zw+HgU="
    },
    "eyes": {
      "version": "0.1.8",
      "resolved": "https://registry.npmjs.org/eyes/-/eyes-0.1.8.tgz",
      "integrity": "sha1-Ys8SAjTGg3hdkCNIqADvPgzCC8A="
    },
    "fast-deep-equal": {
      "version": "1.0.0",
      "resolved": "https://registry.npmjs.org/fast-deep-equal/-/fast-deep-equal-1.0.0.tgz",
      "integrity": "sha1-liVqO8l1WV6zbYLpkp0GDYk0Of8="
    },
    "fast-json-stable-stringify": {
      "version": "2.0.0",
      "resolved": "https://registry.npmjs.org/fast-json-stable-stringify/-/fast-json-stable-stringify-2.0.0.tgz",
      "integrity": "sha1-1RQsDK7msRifh9OnYREGT4bIu/I="
    },
    "finalhandler": {
      "version": "1.1.0",
      "resolved": "https://registry.npmjs.org/finalhandler/-/finalhandler-1.1.0.tgz",
      "integrity": "sha1-zgtoVbRYU+eRsvzGgARtiCU91/U=",
      "requires": {
        "debug": "2.6.9",
        "encodeurl": "1.0.1",
        "escape-html": "1.0.3",
        "on-finished": "2.3.0",
        "parseurl": "1.3.2",
        "statuses": "1.3.1",
        "unpipe": "1.0.0"
      }
    },
    "foreach": {
      "version": "2.0.5",
      "resolved": "https://registry.npmjs.org/foreach/-/foreach-2.0.5.tgz",
      "integrity": "sha1-C+4AUBiusmDQo6865ljdATbsG5k="
    },
    "foreachasync": {
      "version": "3.0.0",
      "resolved": "https://registry.npmjs.org/foreachasync/-/foreachasync-3.0.0.tgz",
      "integrity": "sha1-VQKYfchxS+M5IJfzLgBxyd7gfPY="
    },
    "forever-agent": {
      "version": "0.6.1",
      "resolved": "https://registry.npmjs.org/forever-agent/-/forever-agent-0.6.1.tgz",
      "integrity": "sha1-+8cfDEGt6zf5bFd60e1C2P2sypE="
    },
    "form-data": {
      "version": "2.3.1",
      "resolved": "https://registry.npmjs.org/form-data/-/form-data-2.3.1.tgz",
      "integrity": "sha1-b7lPvXGIUwbXPRXMSX/kzE7NRL8=",
      "requires": {
        "asynckit": "0.4.0",
        "combined-stream": "1.0.5",
        "mime-types": "2.1.17"
      }
    },
    "forwarded": {
      "version": "0.1.2",
      "resolved": "https://registry.npmjs.org/forwarded/-/forwarded-0.1.2.tgz",
      "integrity": "sha1-mMI9qxF1ZXuMBXPozszZGw/xjIQ="
    },
    "fresh": {
      "version": "0.5.2",
      "resolved": "https://registry.npmjs.org/fresh/-/fresh-0.5.2.tgz",
      "integrity": "sha1-PYyt2Q2XZWn6g1qx+OSyOhBWBac="
    },
    "fs.realpath": {
      "version": "1.0.0",
      "resolved": "https://registry.npmjs.org/fs.realpath/-/fs.realpath-1.0.0.tgz",
      "integrity": "sha1-FQStJSMVjKpA20onh8sBQRmU6k8="
    },
    "fstream": {
      "version": "1.0.11",
      "resolved": "https://registry.npmjs.org/fstream/-/fstream-1.0.11.tgz",
      "integrity": "sha1-XB+x8RdHcRTwYyoOtLcbPLD9MXE=",
      "requires": {
        "graceful-fs": "4.1.11",
        "inherits": "2.0.3",
        "mkdirp": "0.5.1",
        "rimraf": "2.6.2"
      }
    },
    "fstream-ignore": {
      "version": "1.0.5",
      "resolved": "https://registry.npmjs.org/fstream-ignore/-/fstream-ignore-1.0.5.tgz",
      "integrity": "sha1-nDHa40dnAY/h0kmyTa2mfQktoQU=",
      "requires": {
        "fstream": "1.0.11",
        "inherits": "2.0.3",
        "minimatch": "3.0.4"
      }
    },
    "function-bind": {
      "version": "1.1.1",
      "resolved": "https://registry.npmjs.org/function-bind/-/function-bind-1.1.1.tgz",
      "integrity": "sha512-yIovAzMX49sF8Yl58fSCWJ5svSLuaibPxXQJFLmBObTuCr0Mf1KiPopGM9NiFjiYBCbfaa2Fh6breQ6ANVTI0A=="
    },
    "gauge": {
      "version": "2.7.4",
      "resolved": "https://registry.npmjs.org/gauge/-/gauge-2.7.4.tgz",
      "integrity": "sha1-LANAXHU4w51+s3sxcCLjJfsBi/c=",
      "requires": {
        "aproba": "1.2.0",
        "console-control-strings": "1.1.0",
        "has-unicode": "2.0.1",
        "object-assign": "4.1.1",
        "signal-exit": "3.0.2",
        "string-width": "1.0.2",
        "strip-ansi": "3.0.1",
        "wide-align": "1.1.2"
      }
    },
    "getpass": {
      "version": "0.1.7",
      "resolved": "https://registry.npmjs.org/getpass/-/getpass-0.1.7.tgz",
      "integrity": "sha1-Xv+OPmhNVprkyysSgmBOi6YhSfo=",
      "requires": {
        "assert-plus": "1.0.0"
      }
    },
    "glob": {
      "version": "6.0.4",
      "resolved": "https://registry.npmjs.org/glob/-/glob-6.0.4.tgz",
      "integrity": "sha1-DwiGD2oVUSey+t1PnOJLGqtuTSI=",
      "requires": {
        "inflight": "1.0.6",
        "inherits": "2.0.3",
        "minimatch": "3.0.4",
        "once": "1.4.0",
        "path-is-absolute": "1.0.1"
      }
    },
    "graceful-fs": {
      "version": "4.1.11",
      "resolved": "https://registry.npmjs.org/graceful-fs/-/graceful-fs-4.1.11.tgz",
      "integrity": "sha1-Dovf5NHduIVNZOBOp8AOKgJuVlg="
    },
    "handlebars": {
      "version": "4.0.5",
      "resolved": "https://registry.npmjs.org/handlebars/-/handlebars-4.0.5.tgz",
      "integrity": "sha1-ksbta7FkEQxQ1NjQ+93HCAbG+Oc=",
      "requires": {
        "async": "1.5.2",
        "optimist": "0.6.1",
        "source-map": "0.4.4",
        "uglify-js": "2.8.29"
      }
    },
    "har-schema": {
      "version": "2.0.0",
      "resolved": "https://registry.npmjs.org/har-schema/-/har-schema-2.0.0.tgz",
      "integrity": "sha1-qUwiJOvKwEeCoNkDVSHyRzW37JI="
    },
    "har-validator": {
      "version": "5.0.3",
      "resolved": "https://registry.npmjs.org/har-validator/-/har-validator-5.0.3.tgz",
      "integrity": "sha1-ukAsJmGU8VlW7xXg/PJCmT9qff0=",
      "requires": {
        "ajv": "5.3.0",
        "har-schema": "2.0.0"
      }
    },
    "has-unicode": {
      "version": "2.0.1",
      "resolved": "https://registry.npmjs.org/has-unicode/-/has-unicode-2.0.1.tgz",
      "integrity": "sha1-4Ob+aijPUROIVeCG0Wkedx3iqLk="
    },
    "hawk": {
      "version": "6.0.2",
      "resolved": "https://registry.npmjs.org/hawk/-/hawk-6.0.2.tgz",
      "integrity": "sha512-miowhl2+U7Qle4vdLqDdPt9m09K6yZhkLDTWGoUiUzrQCn+mHHSmfJgAyGaLRZbPmTqfFFjRV1QWCW0VWUJBbQ==",
      "requires": {
        "boom": "4.3.1",
        "cryptiles": "3.1.2",
        "hoek": "4.2.0",
        "sntp": "2.1.0"
      }
    },
    "hbs": {
      "version": "4.0.1",
      "resolved": "https://registry.npmjs.org/hbs/-/hbs-4.0.1.tgz",
      "integrity": "sha1-S/2YZQ3IydrESzyprfnAmOi8M7Y=",
      "requires": {
        "handlebars": "4.0.5",
        "walk": "2.3.9"
      }
    },
    "hoek": {
      "version": "4.2.0",
      "resolved": "https://registry.npmjs.org/hoek/-/hoek-4.2.0.tgz",
      "integrity": "sha512-v0XCLxICi9nPfYrS9RL8HbYnXi9obYAeLbSP00BmnZwCK9+Ih9WOjoZ8YoHCoav2csqn4FOz4Orldsy2dmDwmQ=="
    },
    "hooks-fixed": {
      "version": "2.0.2",
      "resolved": "https://registry.npmjs.org/hooks-fixed/-/hooks-fixed-2.0.2.tgz",
      "integrity": "sha512-YurCM4gQSetcrhwEtpQHhQ4M7Zo7poNGqY4kQGeBS6eZtOcT3tnNs01ThFa0jYBByAiYt1MjMjP/YApG0EnAvQ=="
    },
    "http-errors": {
      "version": "1.6.2",
      "resolved": "https://registry.npmjs.org/http-errors/-/http-errors-1.6.2.tgz",
      "integrity": "sha1-CgAsyFcHGSp+eUbO7cERVfYOxzY=",
      "requires": {
        "depd": "1.1.1",
        "inherits": "2.0.3",
        "setprototypeof": "1.0.3",
        "statuses": "1.3.1"
      },
      "dependencies": {
        "setprototypeof": {
          "version": "1.0.3",
          "resolved": "https://registry.npmjs.org/setprototypeof/-/setprototypeof-1.0.3.tgz",
          "integrity": "sha1-ZlZ+NwQ+608E2RvWWMDL77VbjgQ="
        }
      }
    },
    "http-signature": {
      "version": "1.2.0",
      "resolved": "https://registry.npmjs.org/http-signature/-/http-signature-1.2.0.tgz",
      "integrity": "sha1-muzZJRFHcvPZW2WmCruPfBj7rOE=",
      "requires": {
        "assert-plus": "1.0.0",
        "jsprim": "1.4.1",
        "sshpk": "1.13.1"
      }
    },
    "iconv-lite": {
      "version": "0.4.19",
      "resolved": "https://registry.npmjs.org/iconv-lite/-/iconv-lite-0.4.19.tgz",
      "integrity": "sha512-oTZqweIP51xaGPI4uPa56/Pri/480R+mo7SeU+YETByQNhDG55ycFyNLIgta9vXhILrxXDmF7ZGhqZIcuN0gJQ=="
    },
    "ieee754": {
      "version": "1.1.8",
      "resolved": "https://registry.npmjs.org/ieee754/-/ieee754-1.1.8.tgz",
      "integrity": "sha1-vjPUCsEO8ZJnAfbwii2G+/0a0+Q="
    },
    "inflight": {
      "version": "1.0.6",
      "resolved": "https://registry.npmjs.org/inflight/-/inflight-1.0.6.tgz",
      "integrity": "sha1-Sb1jMdfQLQwJvJEKEHW6gWW1bfk=",
      "requires": {
        "once": "1.4.0",
        "wrappy": "1.0.2"
      }
    },
    "inherits": {
      "version": "2.0.3",
      "resolved": "https://registry.npmjs.org/inherits/-/inherits-2.0.3.tgz",
      "integrity": "sha1-Yzwsg+PaQqUC9SRmAiSA9CCCYd4="
    },
    "ini": {
      "version": "1.3.4",
      "resolved": "https://registry.npmjs.org/ini/-/ini-1.3.4.tgz",
      "integrity": "sha1-BTfLedr1m1mhpRff9wbIbsA5Fi4="
    },
    "ipaddr.js": {
      "version": "1.5.2",
      "resolved": "https://registry.npmjs.org/ipaddr.js/-/ipaddr.js-1.5.2.tgz",
      "integrity": "sha1-1LUFvemUaYfM8PxY2QEP+WB+P6A="
    },
    "is-buffer": {
      "version": "1.1.6",
      "resolved": "https://registry.npmjs.org/is-buffer/-/is-buffer-1.1.6.tgz",
      "integrity": "sha512-NcdALwpXkTm5Zvvbk7owOUSvVvBKDgKP5/ewfXEznmQFfs4ZRmanOeKBTjRVjka3QFoN6XJ+9F3USqfHqTaU5w=="
    },
    "is-fullwidth-code-point": {
      "version": "1.0.0",
      "resolved": "https://registry.npmjs.org/is-fullwidth-code-point/-/is-fullwidth-code-point-1.0.0.tgz",
      "integrity": "sha1-754xOG8DGn8NZDr4L95QxFfvAMs=",
      "requires": {
        "number-is-nan": "1.0.1"
      }
    },
    "is-typedarray": {
      "version": "1.0.0",
      "resolved": "https://registry.npmjs.org/is-typedarray/-/is-typedarray-1.0.0.tgz",
      "integrity": "sha1-5HnICFjfDBsR3dppQPlgEfzaSpo="
    },
    "isarray": {
      "version": "1.0.0",
      "resolved": "https://registry.npmjs.org/isarray/-/isarray-1.0.0.tgz",
      "integrity": "sha1-u5NdSFgsuhaMBoNJV6VKPgcSTxE="
    },
    "isstream": {
      "version": "0.1.2",
      "resolved": "https://registry.npmjs.org/isstream/-/isstream-0.1.2.tgz",
      "integrity": "sha1-R+Y/evVa+m+S4VAOaQ64uFKcCZo="
    },
    "jmespath": {
      "version": "0.15.0",
      "resolved": "https://registry.npmjs.org/jmespath/-/jmespath-0.15.0.tgz",
      "integrity": "sha1-o/Iiqarp+Wb10nx5ZRDigJF2Qhc="
    },
    "jsbn": {
      "version": "0.1.1",
      "resolved": "https://registry.npmjs.org/jsbn/-/jsbn-0.1.1.tgz",
      "integrity": "sha1-peZUwuWi3rXyAdls77yoDA7y9RM=",
      "optional": true
    },
    "json-schema": {
      "version": "0.2.3",
      "resolved": "https://registry.npmjs.org/json-schema/-/json-schema-0.2.3.tgz",
      "integrity": "sha1-tIDIkuWaLwWVTOcnvT8qTogvnhM="
    },
    "json-schema-traverse": {
      "version": "0.3.1",
      "resolved": "https://registry.npmjs.org/json-schema-traverse/-/json-schema-traverse-0.3.1.tgz",
      "integrity": "sha1-NJptRMU6Ud6JtAgFxdXlm0F9M0A="
    },
    "json-stringify-safe": {
      "version": "5.0.1",
      "resolved": "https://registry.npmjs.org/json-stringify-safe/-/json-stringify-safe-5.0.1.tgz",
      "integrity": "sha1-Epai1Y/UXxmg9s4B1lcB4sc1tus="
    },
    "jsprim": {
      "version": "1.4.1",
      "resolved": "https://registry.npmjs.org/jsprim/-/jsprim-1.4.1.tgz",
      "integrity": "sha1-MT5mvB5cwG5Di8G3SZwuXFastqI=",
      "requires": {
        "assert-plus": "1.0.0",
        "extsprintf": "1.3.0",
        "json-schema": "0.2.3",
        "verror": "1.10.0"
      }
    },
    "kareem": {
      "version": "1.5.0",
      "resolved": "https://registry.npmjs.org/kareem/-/kareem-1.5.0.tgz",
      "integrity": "sha1-4+QQHZ3P3imXadr0tNtk2JXRdEg="
    },
    "kind-of": {
      "version": "3.2.2",
      "resolved": "https://registry.npmjs.org/kind-of/-/kind-of-3.2.2.tgz",
      "integrity": "sha1-MeohpzS6ubuw8yRm2JOupR5KPGQ=",
      "requires": {
        "is-buffer": "1.1.6"
      }
    },
    "lazy-cache": {
      "version": "1.0.4",
      "resolved": "https://registry.npmjs.org/lazy-cache/-/lazy-cache-1.0.4.tgz",
      "integrity": "sha1-odePw6UEdMuAhF07O24dpJpEbo4=",
      "optional": true
    },
    "lodash": {
      "version": "4.17.4",
      "resolved": "https://registry.npmjs.org/lodash/-/lodash-4.17.4.tgz",
      "integrity": "sha1-eCA6TRwyiuHYbcpkYONptX9AVa4="
    },
    "lodash.get": {
      "version": "4.4.2",
      "resolved": "https://registry.npmjs.org/lodash.get/-/lodash.get-4.4.2.tgz",
      "integrity": "sha1-LRd/ZS+jHpObRDjVNBSZ36OCXpk="
    },
    "longest": {
      "version": "1.0.1",
      "resolved": "https://registry.npmjs.org/longest/-/longest-1.0.1.tgz",
      "integrity": "sha1-MKCy2jj3N3DoKUoNIuZiXtd9AJc="
    },
    "lru-cache": {
      "version": "2.7.3",
      "resolved": "https://registry.npmjs.org/lru-cache/-/lru-cache-2.7.3.tgz",
      "integrity": "sha1-bUUk6LlV+V1PW1iFHOId1y+06VI="
    },
    "media-typer": {
      "version": "0.3.0",
      "resolved": "https://registry.npmjs.org/media-typer/-/media-typer-0.3.0.tgz",
      "integrity": "sha1-hxDXrwqmJvj/+hzgAWhUUmMlV0g="
    },
    "merge-descriptors": {
      "version": "1.0.1",
      "resolved": "https://registry.npmjs.org/merge-descriptors/-/merge-descriptors-1.0.1.tgz",
      "integrity": "sha1-sAqqVW3YtEVoFQ7J0blT8/kMu2E="
    },
    "methods": {
      "version": "1.1.2",
      "resolved": "https://registry.npmjs.org/methods/-/methods-1.1.2.tgz",
      "integrity": "sha1-VSmk1nZUE07cxSZmVoNbD4Ua/O4="
    },
    "mime": {
      "version": "1.4.1",
      "resolved": "https://registry.npmjs.org/mime/-/mime-1.4.1.tgz",
      "integrity": "sha512-KI1+qOZu5DcW6wayYHSzR/tXKCDC5Om4s1z2QJjDULzLcmf3DvzS7oluY4HCTrc+9FiKmWUgeNLg7W3uIQvxtQ=="
    },
    "mime-db": {
      "version": "1.30.0",
      "resolved": "https://registry.npmjs.org/mime-db/-/mime-db-1.30.0.tgz",
      "integrity": "sha1-dMZD2i3Z1qRTmZY0ZbJtXKfXHwE="
    },
    "mime-types": {
      "version": "2.1.17",
      "resolved": "https://registry.npmjs.org/mime-types/-/mime-types-2.1.17.tgz",
      "integrity": "sha1-Cdejk/A+mVp5+K+Fe3Cp4KsWVXo=",
      "requires": {
        "mime-db": "1.30.0"
      }
    },
    "minimatch": {
      "version": "3.0.4",
      "resolved": "https://registry.npmjs.org/minimatch/-/minimatch-3.0.4.tgz",
      "integrity": "sha512-yJHVQEhyqPLUTgt9B83PXu6W3rx4MvvHvSUvToogpwoGDOUQ+yDrR0HRot+yOCdCO7u4hX3pWft6kWBBcqh0UA==",
      "requires": {
        "brace-expansion": "1.1.8"
      }
    },
    "minimist": {
      "version": "0.0.10",
      "resolved": "https://registry.npmjs.org/minimist/-/minimist-0.0.10.tgz",
      "integrity": "sha1-3j+YVD2/lggr5IrRoMfNqDYwHc8="
    },
    "mkdirp": {
      "version": "0.5.1",
      "resolved": "https://registry.npmjs.org/mkdirp/-/mkdirp-0.5.1.tgz",
      "integrity": "sha1-MAV0OOrGz3+MR2fzhkjWaX11yQM=",
      "requires": {
        "minimist": "0.0.8"
      },
      "dependencies": {
        "minimist": {
          "version": "0.0.8",
          "resolved": "https://registry.npmjs.org/minimist/-/minimist-0.0.8.tgz",
          "integrity": "sha1-hX/Kv8M5fSYluCKCYuhqp6ARsF0="
        }
      }
    },
    "mongodb": {
      "version": "2.2.33",
      "resolved": "https://registry.npmjs.org/mongodb/-/mongodb-2.2.33.tgz",
      "integrity": "sha1-tTfEcdNKZlG0jzb9vyl1A0Dgi1A=",
      "requires": {
        "es6-promise": "3.2.1",
        "mongodb-core": "2.1.17",
        "readable-stream": "2.2.7"
      }
    },
    "mongodb-core": {
      "version": "2.1.17",
      "resolved": "https://registry.npmjs.org/mongodb-core/-/mongodb-core-2.1.17.tgz",
      "integrity": "sha1-pBizN6FKFJkPtRC5I97mqBMXPfg=",
      "requires": {
        "bson": "1.0.4",
        "require_optional": "1.0.1"
      }
    },
    "mongoose": {
      "version": "4.13.1",
      "resolved": "https://registry.npmjs.org/mongoose/-/mongoose-4.13.1.tgz",
      "integrity": "sha512-j+d+8iRaa0J55o6eWdbNn4cjO7IBJIK+u+DLKvxbPYBNTgluZRjMpPEMHQdpYc3GTaDriTGG+xDrsn/zjOhQbA==",
      "requires": {
        "async": "2.1.4",
        "bson": "1.0.4",
        "hooks-fixed": "2.0.2",
        "kareem": "1.5.0",
        "lodash.get": "4.4.2",
        "mongodb": "2.2.33",
        "mpath": "0.3.0",
        "mpromise": "0.5.5",
        "mquery": "2.3.2",
        "ms": "2.0.0",
        "muri": "1.3.0",
        "regexp-clone": "0.0.1",
        "sliced": "1.0.1"
      },
      "dependencies": {
        "async": {
          "version": "2.1.4",
          "resolved": "https://registry.npmjs.org/async/-/async-2.1.4.tgz",
          "integrity": "sha1-LSFgx3iAMuTdbL4lAvH5osj2zeQ=",
          "requires": {
            "lodash": "4.17.4"
          }
        }
      }
    },
    "mpath": {
      "version": "0.3.0",
      "resolved": "https://registry.npmjs.org/mpath/-/mpath-0.3.0.tgz",
      "integrity": "sha1-elj3iem1/TyUUgY0FXlg8mvV70Q="
    },
    "mpromise": {
      "version": "0.5.5",
      "resolved": "https://registry.npmjs.org/mpromise/-/mpromise-0.5.5.tgz",
      "integrity": "sha1-9bJCWddjrMIlewoMjG2Gb9UXMuY="
    },
    "mquery": {
      "version": "2.3.2",
      "resolved": "https://registry.npmjs.org/mquery/-/mquery-2.3.2.tgz",
      "integrity": "sha512-KXWMypZSvhCuqRtza+HMQZdYw7PfFBjBTFvP31NNAq0OX0/NTIgpcDpkWQ2uTxk6vGQtwQ2elhwhs+ZvCA8OaA==",
      "requires": {
        "bluebird": "3.5.1",
        "debug": "2.6.9",
        "regexp-clone": "0.0.1",
        "sliced": "0.0.5"
      },
      "dependencies": {
        "sliced": {
          "version": "0.0.5",
          "resolved": "https://registry.npmjs.org/sliced/-/sliced-0.0.5.tgz",
          "integrity": "sha1-XtwETKTrb3gW1Qui/GPiXY/kcH8="
        }
      }
    },
    "ms": {
      "version": "2.0.0",
      "resolved": "https://registry.npmjs.org/ms/-/ms-2.0.0.tgz",
      "integrity": "sha1-VgiurfwAvmwpAd9fmGF4jeDVl8g="
    },
    "muri": {
      "version": "1.3.0",
      "resolved": "https://registry.npmjs.org/muri/-/muri-1.3.0.tgz",
      "integrity": "sha512-FiaFwKl864onHFFUV/a2szAl7X0fxVlSKNdhTf+BM8i8goEgYut8u5P9MqQqIYwvaMxjzVESsoEm/2kfkFH1rg=="
    },
    "nan": {
      "version": "2.6.2",
      "resolved": "https://registry.npmjs.org/nan/-/nan-2.6.2.tgz",
      "integrity": "sha1-5P805slf37WuzAjeZZb0NgWn20U="
    },
    "natives": {
      "version": "1.1.0",
      "resolved": "https://registry.npmjs.org/natives/-/natives-1.1.0.tgz",
      "integrity": "sha1-6f+EFBimsux6SV6TmYT3jxY+bjE="
    },
    "negotiator": {
      "version": "0.6.1",
      "resolved": "https://registry.npmjs.org/negotiator/-/negotiator-0.6.1.tgz",
      "integrity": "sha1-KzJxhOiZIQEXeyhWP7XnECrNDKk="
    },
    "node-pre-gyp": {
      "version": "0.6.36",
      "resolved": "https://registry.npmjs.org/node-pre-gyp/-/node-pre-gyp-0.6.36.tgz",
      "integrity": "sha1-22BBEst04NR3VU6bUFsXq936t4Y=",
      "requires": {
        "mkdirp": "0.5.1",
        "nopt": "4.0.1",
        "npmlog": "4.1.2",
        "rc": "1.2.2",
        "request": "2.83.0",
        "rimraf": "2.6.2",
        "semver": "5.4.1",
        "tar": "2.2.1",
        "tar-pack": "3.4.1"
      }
    },
    "nopt": {
      "version": "4.0.1",
      "resolved": "https://registry.npmjs.org/nopt/-/nopt-4.0.1.tgz",
      "integrity": "sha1-0NRoWv1UFRk8jHUFYC0NF81kR00=",
      "requires": {
        "abbrev": "1.1.1",
        "osenv": "0.1.4"
      }
    },
    "npmlog": {
      "version": "4.1.2",
      "resolved": "https://registry.npmjs.org/npmlog/-/npmlog-4.1.2.tgz",
      "integrity": "sha512-2uUqazuKlTaSI/dC8AzicUck7+IrEaOnN/e0jd3Xtt1KcGpwx30v50mL7oPyr/h9bL3E4aZccVwpwP+5W9Vjkg==",
      "requires": {
        "are-we-there-yet": "1.1.4",
        "console-control-strings": "1.1.0",
        "gauge": "2.7.4",
        "set-blocking": "2.0.0"
      }
    },
    "number-is-nan": {
      "version": "1.0.1",
      "resolved": "https://registry.npmjs.org/number-is-nan/-/number-is-nan-1.0.1.tgz",
      "integrity": "sha1-CXtgK1NCKlIsGvuHkDGDNpQaAR0="
    },
    "oauth-sign": {
      "version": "0.8.2",
      "resolved": "https://registry.npmjs.org/oauth-sign/-/oauth-sign-0.8.2.tgz",
      "integrity": "sha1-Rqarfwrq2N6unsBWV4C31O/rnUM="
    },
    "object-assign": {
      "version": "4.1.1",
      "resolved": "https://registry.npmjs.org/object-assign/-/object-assign-4.1.1.tgz",
      "integrity": "sha1-IQmtx5ZYh8/AXLvUQsrIv7s2CGM="
    },
    "object-keys": {
      "version": "1.0.11",
      "resolved": "https://registry.npmjs.org/object-keys/-/object-keys-1.0.11.tgz",
      "integrity": "sha1-xUYBd4rVYPEULODgG8yotW0TQm0="
    },
    "object.assign": {
      "version": "4.0.4",
      "resolved": "https://registry.npmjs.org/object.assign/-/object.assign-4.0.4.tgz",
      "integrity": "sha1-scnMBE7xuf5jYG/BQau7MuFHMMw=",
      "requires": {
        "define-properties": "1.1.2",
        "function-bind": "1.1.1",
        "object-keys": "1.0.11"
      }
    },
    "on-finished": {
      "version": "2.3.0",
      "resolved": "https://registry.npmjs.org/on-finished/-/on-finished-2.3.0.tgz",
      "integrity": "sha1-IPEzZIGwg811M3mSoWlxqi2QaUc=",
      "requires": {
        "ee-first": "1.1.1"
      }
    },
    "on-headers": {
      "version": "1.0.1",
      "resolved": "https://registry.npmjs.org/on-headers/-/on-headers-1.0.1.tgz",
      "integrity": "sha1-ko9dD0cNSTQmUepnlLCFfBAGk/c="
    },
    "once": {
      "version": "1.4.0",
      "resolved": "https://registry.npmjs.org/once/-/once-1.4.0.tgz",
      "integrity": "sha1-WDsap3WWHUsROsF9nFC6753Xa9E=",
      "requires": {
        "wrappy": "1.0.2"
      }
    },
    "onesignal": {
      "version": "0.1.2",
      "resolved": "https://registry.npmjs.org/onesignal/-/onesignal-0.1.2.tgz",
      "integrity": "sha1-YjciEHps3SFCgaA00QD5J8wq8PM=",
      "requires": {
        "request": "2.83.0"
      }
    },
    "optimist": {
      "version": "0.6.1",
      "resolved": "https://registry.npmjs.org/optimist/-/optimist-0.6.1.tgz",
      "integrity": "sha1-2j6nRob6IaGaERwybpDrFaAZZoY=",
      "requires": {
        "minimist": "0.0.10",
        "wordwrap": "0.0.3"
      }
    },
    "os-homedir": {
      "version": "1.0.2",
      "resolved": "https://registry.npmjs.org/os-homedir/-/os-homedir-1.0.2.tgz",
      "integrity": "sha1-/7xJiDNuDoM94MFox+8VISGqf7M="
    },
    "os-tmpdir": {
      "version": "1.0.2",
      "resolved": "https://registry.npmjs.org/os-tmpdir/-/os-tmpdir-1.0.2.tgz",
      "integrity": "sha1-u+Z0BseaqFxc/sdm/lc0VV36EnQ="
    },
    "osenv": {
      "version": "0.1.4",
      "resolved": "https://registry.npmjs.org/osenv/-/osenv-0.1.4.tgz",
      "integrity": "sha1-Qv5tWVPfBsgGS+bxdsPQWqqjRkQ=",
      "requires": {
        "os-homedir": "1.0.2",
        "os-tmpdir": "1.0.2"
      }
    },
    "parseurl": {
      "version": "1.3.2",
      "resolved": "https://registry.npmjs.org/parseurl/-/parseurl-1.3.2.tgz",
      "integrity": "sha1-/CidTtiZMRlGDBViUyYs3I3mW/M="
    },
    "passport": {
      "version": "0.4.0",
      "resolved": "https://registry.npmjs.org/passport/-/passport-0.4.0.tgz",
      "integrity": "sha1-xQlWkTR71a07XhgCOMORTRbwWBE=",
      "requires": {
        "passport-strategy": "1.0.0",
        "pause": "0.0.1"
      }
    },
    "passport-local": {
      "version": "1.0.0",
      "resolved": "https://registry.npmjs.org/passport-local/-/passport-local-1.0.0.tgz",
      "integrity": "sha1-H+YyaMkudWBmJkN+O5BmYsFbpu4=",
      "requires": {
        "passport-strategy": "1.0.0"
      }
    },
    "passport-strategy": {
      "version": "1.0.0",
      "resolved": "https://registry.npmjs.org/passport-strategy/-/passport-strategy-1.0.0.tgz",
      "integrity": "sha1-tVOaqPwiWj0a0XlHbd8ja0QPUuQ="
    },
    "path": {
      "version": "0.12.7",
      "resolved": "https://registry.npmjs.org/path/-/path-0.12.7.tgz",
      "integrity": "sha1-1NwqUGxM4hl+tIHr/NWzbAFAsQ8=",
      "requires": {
        "process": "0.11.10",
        "util": "0.10.3"
      }
    },
    "path-is-absolute": {
      "version": "1.0.1",
      "resolved": "https://registry.npmjs.org/path-is-absolute/-/path-is-absolute-1.0.1.tgz",
      "integrity": "sha1-F0uSaHNVNP+8es5r9TpanhtcX18="
    },
    "path-to-regexp": {
      "version": "0.1.7",
      "resolved": "https://registry.npmjs.org/path-to-regexp/-/path-to-regexp-0.1.7.tgz",
      "integrity": "sha1-32BBeABfUi8V60SQ5yR6G/qmf4w="
    },
    "pause": {
      "version": "0.0.1",
      "resolved": "https://registry.npmjs.org/pause/-/pause-0.0.1.tgz",
      "integrity": "sha1-HUCLP9t2kjuVQ9lvtMnf1TXZy10="
    },
    "performance-now": {
      "version": "2.1.0",
      "resolved": "https://registry.npmjs.org/performance-now/-/performance-now-2.1.0.tgz",
      "integrity": "sha1-Ywn04OX6kT7BxpMHrjZLSzd8nns="
    },
    "process": {
      "version": "0.11.10",
      "resolved": "https://registry.npmjs.org/process/-/process-0.11.10.tgz",
      "integrity": "sha1-czIwDoQBYb2j5podHZGn1LwW8YI="
    },
    "process-nextick-args": {
      "version": "1.0.7",
      "resolved": "https://registry.npmjs.org/process-nextick-args/-/process-nextick-args-1.0.7.tgz",
      "integrity": "sha1-FQ4gt1ZZCtP5EJPyWk8q2L/zC6M="
    },
    "promise": {
      "version": "7.3.1",
      "resolved": "https://registry.npmjs.org/promise/-/promise-7.3.1.tgz",
      "integrity": "sha512-nolQXZ/4L+bP/UGlkfaIujX9BKxGwmQ9OT4mOt5yvy8iK1h3wqTEJCijzGANTCCl9nWjY41juyAn2K3Q1hLLTg==",
      "requires": {
        "asap": "2.0.6"
      }
    },
    "proxy-addr": {
      "version": "2.0.2",
      "resolved": "https://registry.npmjs.org/proxy-addr/-/proxy-addr-2.0.2.tgz",
      "integrity": "sha1-ZXFQT0e7mI7IGAJT+F3X4UlSvew=",
      "requires": {
        "forwarded": "0.1.2",
        "ipaddr.js": "1.5.2"
      }
    },
    "punycode": {
      "version": "1.4.1",
      "resolved": "https://registry.npmjs.org/punycode/-/punycode-1.4.1.tgz",
      "integrity": "sha1-wNWmOycYgArY4esPpSachN1BhF4="
    },
    "qs": {
      "version": "6.5.1",
      "resolved": "https://registry.npmjs.org/qs/-/qs-6.5.1.tgz",
      "integrity": "sha512-eRzhrN1WSINYCDCbrz796z37LOe3m5tmW7RQf6oBntukAG1nmovJvhnwHHRMAfeoItc1m2Hk02WER2aQ/iqs+A=="
    },
    "querystring": {
      "version": "0.2.0",
      "resolved": "https://registry.npmjs.org/querystring/-/querystring-0.2.0.tgz",
      "integrity": "sha1-sgmEkgO7Jd+CDadW50cAWHhSFiA="
    },
    "random-bytes": {
      "version": "1.0.0",
      "resolved": "https://registry.npmjs.org/random-bytes/-/random-bytes-1.0.0.tgz",
      "integrity": "sha1-T2ih3Arli9P7lYSMMDJNt11kNgs="
    },
    "range-parser": {
      "version": "1.2.0",
      "resolved": "https://registry.npmjs.org/range-parser/-/range-parser-1.2.0.tgz",
      "integrity": "sha1-9JvmtIeJTdxA3MlKMi9hEJLgDV4="
    },
    "raw-body": {
      "version": "2.3.2",
      "resolved": "https://registry.npmjs.org/raw-body/-/raw-body-2.3.2.tgz",
      "integrity": "sha1-vNYMd9Prk83gBQKVw/N5OJvIj4k=",
      "requires": {
        "bytes": "3.0.0",
        "http-errors": "1.6.2",
        "iconv-lite": "0.4.19",
        "unpipe": "1.0.0"
      }
    },
    "rc": {
      "version": "1.2.2",
      "resolved": "https://registry.npmjs.org/rc/-/rc-1.2.2.tgz",
      "integrity": "sha1-2M6ctX6NZNnHut2YdsfDTL48cHc=",
      "requires": {
        "deep-extend": "0.4.2",
        "ini": "1.3.4",
        "minimist": "1.2.0",
        "strip-json-comments": "2.0.1"
      },
      "dependencies": {
        "minimist": {
          "version": "1.2.0",
          "resolved": "https://registry.npmjs.org/minimist/-/minimist-1.2.0.tgz",
          "integrity": "sha1-o1AIsg9BOD7sH7kU9M1d95omQoQ="
        }
      }
    },
    "readable-stream": {
      "version": "2.2.7",
      "resolved": "https://registry.npmjs.org/readable-stream/-/readable-stream-2.2.7.tgz",
      "integrity": "sha1-BwV6y+JGeyIELTb5jFrVBwVOlbE=",
      "requires": {
        "buffer-shims": "1.0.0",
        "core-util-is": "1.0.2",
        "inherits": "2.0.3",
        "isarray": "1.0.0",
        "process-nextick-args": "1.0.7",
        "string_decoder": "1.0.3",
        "util-deprecate": "1.0.2"
      }
    },
    "regexp-clone": {
      "version": "0.0.1",
      "resolved": "https://registry.npmjs.org/regexp-clone/-/regexp-clone-0.0.1.tgz",
      "integrity": "sha1-p8LgmJH9vzj7sQ03b7cwA+aKxYk="
    },
    "repeat-string": {
      "version": "1.6.1",
      "resolved": "https://registry.npmjs.org/repeat-string/-/repeat-string-1.6.1.tgz",
      "integrity": "sha1-jcrkcOHIirwtYA//Sndihtp15jc="
    },
    "request": {
      "version": "2.83.0",
      "resolved": "https://registry.npmjs.org/request/-/request-2.83.0.tgz",
      "integrity": "sha512-lR3gD69osqm6EYLk9wB/G1W/laGWjzH90t1vEa2xuxHD5KUrSzp9pUSfTm+YC5Nxt2T8nMPEvKlhbQayU7bgFw==",
      "requires": {
        "aws-sign2": "0.7.0",
        "aws4": "1.6.0",
        "caseless": "0.12.0",
        "combined-stream": "1.0.5",
        "extend": "3.0.1",
        "forever-agent": "0.6.1",
        "form-data": "2.3.1",
        "har-validator": "5.0.3",
        "hawk": "6.0.2",
        "http-signature": "1.2.0",
        "is-typedarray": "1.0.0",
        "isstream": "0.1.2",
        "json-stringify-safe": "5.0.1",
        "mime-types": "2.1.17",
        "oauth-sign": "0.8.2",
        "performance-now": "2.1.0",
        "qs": "6.5.1",
        "safe-buffer": "5.1.1",
        "stringstream": "0.0.5",
        "tough-cookie": "2.3.3",
        "tunnel-agent": "0.6.0",
        "uuid": "3.1.0"
      }
    },
    "require_optional": {
      "version": "1.0.1",
      "resolved": "https://registry.npmjs.org/require_optional/-/require_optional-1.0.1.tgz",
      "integrity": "sha512-qhM/y57enGWHAe3v/NcwML6a3/vfESLe/sGM2dII+gEO0BpKRUkWZow/tyloNqJyN6kXSl3RyyM8Ll5D/sJP8g==",
      "requires": {
        "resolve-from": "2.0.0",
        "semver": "5.4.1"
      }
    },
    "resolve-from": {
      "version": "2.0.0",
      "resolved": "https://registry.npmjs.org/resolve-from/-/resolve-from-2.0.0.tgz",
      "integrity": "sha1-lICrIOlP+h2egKgEx+oUdhGWa1c="
    },
    "right-align": {
      "version": "0.1.3",
      "resolved": "https://registry.npmjs.org/right-align/-/right-align-0.1.3.tgz",
      "integrity": "sha1-YTObci/mo1FWiSENJOFMlhSGE+8=",
      "optional": true,
      "requires": {
        "align-text": "0.1.4"
      }
    },
    "rimraf": {
      "version": "2.6.2",
      "resolved": "https://registry.npmjs.org/rimraf/-/rimraf-2.6.2.tgz",
      "integrity": "sha512-lreewLK/BlghmxtfH36YYVg1i8IAce4TI7oao75I1g245+6BctqTVQiBP3YUJ9C6DQOXJmkYR9X9fCLtCOJc5w==",
      "requires": {
        "glob": "7.1.2"
      },
      "dependencies": {
        "glob": {
          "version": "7.1.2",
          "resolved": "https://registry.npmjs.org/glob/-/glob-7.1.2.tgz",
          "integrity": "sha512-MJTUg1kjuLeQCJ+ccE4Vpa6kKVXkPYJ2mOCQyUuKLcLQsdrMCpBPUi8qVE6+YuaJkozeA9NusTAw3hLr8Xe5EQ==",
          "requires": {
            "fs.realpath": "1.0.0",
            "inflight": "1.0.6",
            "inherits": "2.0.3",
            "minimatch": "3.0.4",
            "once": "1.4.0",
            "path-is-absolute": "1.0.1"
          }
        }
      }
    },
    "safe-buffer": {
      "version": "5.1.1",
      "resolved": "https://registry.npmjs.org/safe-buffer/-/safe-buffer-5.1.1.tgz",
      "integrity": "sha512-kKvNJn6Mm93gAczWVJg7wH+wGYWNrDHdWvpUmHyEsgCtIwwo3bqPtV4tR5tuPaUhTOo/kvhVwd8XwwOllGYkbg=="
    },
    "sax": {
      "version": "1.2.1",
      "resolved": "https://registry.npmjs.org/sax/-/sax-1.2.1.tgz",
      "integrity": "sha1-e45lYZCyKOgaZq6nSEgNgozS03o="
    },
    "semver": {
      "version": "5.4.1",
      "resolved": "https://registry.npmjs.org/semver/-/semver-5.4.1.tgz",
      "integrity": "sha512-WfG/X9+oATh81XtllIo/I8gOiY9EXRdv1cQdyykeXK17YcUW3EXUAi2To4pcH6nZtJPr7ZOpM5OMyWJZm+8Rsg=="
    },
    "send": {
      "version": "0.16.1",
      "resolved": "https://registry.npmjs.org/send/-/send-0.16.1.tgz",
      "integrity": "sha512-ElCLJdJIKPk6ux/Hocwhk7NFHpI3pVm/IZOYWqUmoxcgeyM+MpxHHKhb8QmlJDX1pU6WrgaHBkVNm73Sv7uc2A==",
      "requires": {
        "debug": "2.6.9",
        "depd": "1.1.1",
        "destroy": "1.0.4",
        "encodeurl": "1.0.1",
        "escape-html": "1.0.3",
        "etag": "1.8.1",
        "fresh": "0.5.2",
        "http-errors": "1.6.2",
        "mime": "1.4.1",
        "ms": "2.0.0",
        "on-finished": "2.3.0",
        "range-parser": "1.2.0",
        "statuses": "1.3.1"
      }
    },
    "serve-static": {
      "version": "1.13.1",
      "resolved": "https://registry.npmjs.org/serve-static/-/serve-static-1.13.1.tgz",
      "integrity": "sha512-hSMUZrsPa/I09VYFJwa627JJkNs0NrfL1Uzuup+GqHfToR2KcsXFymXSV90hoyw3M+msjFuQly+YzIH/q0MGlQ==",
      "requires": {
        "encodeurl": "1.0.1",
        "escape-html": "1.0.3",
        "parseurl": "1.3.2",
        "send": "0.16.1"
      }
    },
    "set-blocking": {
      "version": "2.0.0",
      "resolved": "https://registry.npmjs.org/set-blocking/-/set-blocking-2.0.0.tgz",
      "integrity": "sha1-BF+XgtARrppoA93TgrJDkrPYkPc="
    },
    "setprototypeof": {
      "version": "1.1.0",
      "resolved": "https://registry.npmjs.org/setprototypeof/-/setprototypeof-1.1.0.tgz",
      "integrity": "sha512-BvE/TwpZX4FXExxOxZyRGQQv651MSwmWKZGqvmPcRIjDqWub67kTKuIMx43cZZrS/cBBzwBcNDWoFxt2XEFIpQ=="
    },
    "sigmund": {
      "version": "1.0.1",
      "resolved": "https://registry.npmjs.org/sigmund/-/sigmund-1.0.1.tgz",
      "integrity": "sha1-P/IfGYytIXX587eBhT/ZTQ0ZtZA="
    },
    "signal-exit": {
      "version": "3.0.2",
      "resolved": "https://registry.npmjs.org/signal-exit/-/signal-exit-3.0.2.tgz",
      "integrity": "sha1-tf3AjxKH6hF4Yo5BXiUTK3NkbG0="
    },
    "sliced": {
      "version": "1.0.1",
      "resolved": "https://registry.npmjs.org/sliced/-/sliced-1.0.1.tgz",
      "integrity": "sha1-CzpmK10Ewxd7GSa+qCsD+Dei70E="
    },
    "sntp": {
      "version": "2.1.0",
      "resolved": "https://registry.npmjs.org/sntp/-/sntp-2.1.0.tgz",
      "integrity": "sha512-FL1b58BDrqS3A11lJ0zEdnJ3UOKqVxawAkF3k7F0CVN7VQ34aZrV+G8BZ1WC9ZL7NyrwsW0oviwsWDgRuVYtJg==",
      "requires": {
        "hoek": "4.2.0"
      }
    },
    "source-map": {
      "version": "0.4.4",
      "resolved": "https://registry.npmjs.org/source-map/-/source-map-0.4.4.tgz",
      "integrity": "sha1-66T12pwNyZneaAMti092FzZSA2s=",
      "requires": {
        "amdefine": "1.0.1"
      }
    },
    "sshpk": {
      "version": "1.13.1",
      "resolved": "https://registry.npmjs.org/sshpk/-/sshpk-1.13.1.tgz",
      "integrity": "sha1-US322mKHFEMW3EwY/hzx2UBzm+M=",
      "requires": {
        "asn1": "0.2.3",
        "assert-plus": "1.0.0",
        "bcrypt-pbkdf": "1.0.1",
        "dashdash": "1.14.1",
        "ecc-jsbn": "0.1.1",
        "getpass": "0.1.7",
        "jsbn": "0.1.1",
        "tweetnacl": "0.14.5"
      }
    },
    "statuses": {
      "version": "1.3.1",
      "resolved": "https://registry.npmjs.org/statuses/-/statuses-1.3.1.tgz",
      "integrity": "sha1-+vUbnrdKrvOzrPStX2Gr8ky3uT4="
    },
    "streamsearch": {
      "version": "0.1.2",
      "resolved": "https://registry.npmjs.org/streamsearch/-/streamsearch-0.1.2.tgz",
      "integrity": "sha1-gIudDlb8Jz2Am6VzOOkpkZoanxo="
    },
    "string-width": {
      "version": "1.0.2",
      "resolved": "https://registry.npmjs.org/string-width/-/string-width-1.0.2.tgz",
      "integrity": "sha1-EYvfW4zcUaKn5w0hHgfisLmxB9M=",
      "requires": {
        "code-point-at": "1.1.0",
        "is-fullwidth-code-point": "1.0.0",
        "strip-ansi": "3.0.1"
      }
    },
    "string_decoder": {
      "version": "1.0.3",
      "resolved": "https://registry.npmjs.org/string_decoder/-/string_decoder-1.0.3.tgz",
      "integrity": "sha512-4AH6Z5fzNNBcH+6XDMfA/BTt87skxqJlO0lAh3Dker5zThcAxG6mKz+iGu308UKoPPQ8Dcqx/4JhujzltRa+hQ==",
      "requires": {
        "safe-buffer": "5.1.1"
      }
    },
    "stringstream": {
      "version": "0.0.5",
      "resolved": "https://registry.npmjs.org/stringstream/-/stringstream-0.0.5.tgz",
      "integrity": "sha1-TkhM1N5aC7vuGORjB3EKioFiGHg="
    },
    "strip-ansi": {
      "version": "3.0.1",
      "resolved": "https://registry.npmjs.org/strip-ansi/-/strip-ansi-3.0.1.tgz",
      "integrity": "sha1-ajhfuIU9lS1f8F0Oiq+UJ43GPc8=",
      "requires": {
        "ansi-regex": "2.1.1"
      }
    },
    "strip-json-comments": {
      "version": "2.0.1",
      "resolved": "https://registry.npmjs.org/strip-json-comments/-/strip-json-comments-2.0.1.tgz",
      "integrity": "sha1-PFMZQukIwml8DsNEhYwobHygpgo="
    },
    "tar": {
      "version": "2.2.1",
      "resolved": "https://registry.npmjs.org/tar/-/tar-2.2.1.tgz",
      "integrity": "sha1-jk0qJWwOIYXGsYrWlK7JaLg8sdE=",
      "requires": {
        "block-stream": "0.0.9",
        "fstream": "1.0.11",
        "inherits": "2.0.3"
      }
    },
    "tar-pack": {
      "version": "3.4.1",
      "resolved": "https://registry.npmjs.org/tar-pack/-/tar-pack-3.4.1.tgz",
      "integrity": "sha512-PPRybI9+jM5tjtCbN2cxmmRU7YmqT3Zv/UDy48tAh2XRkLa9bAORtSWLkVc13+GJF+cdTh1yEnHEk3cpTaL5Kg==",
      "requires": {
        "debug": "2.6.9",
        "fstream": "1.0.11",
        "fstream-ignore": "1.0.5",
        "once": "1.4.0",
        "readable-stream": "2.2.7",
        "rimraf": "2.6.2",
        "tar": "2.2.1",
        "uid-number": "0.0.6"
      }
    },
    "tough-cookie": {
      "version": "2.3.3",
      "resolved": "https://registry.npmjs.org/tough-cookie/-/tough-cookie-2.3.3.tgz",
      "integrity": "sha1-C2GKVWW23qkL80JdBNVe3EdadWE=",
      "requires": {
        "punycode": "1.4.1"
      }
    },
    "tunnel-agent": {
      "version": "0.6.0",
      "resolved": "https://registry.npmjs.org/tunnel-agent/-/tunnel-agent-0.6.0.tgz",
      "integrity": "sha1-J6XeoGs2sEoKmWZ3SykIaPD8QP0=",
      "requires": {
        "safe-buffer": "5.1.1"
      }
    },
    "tweetnacl": {
      "version": "0.14.5",
      "resolved": "https://registry.npmjs.org/tweetnacl/-/tweetnacl-0.14.5.tgz",
      "integrity": "sha1-WuaBd/GS1EViadEIr6k/+HQ/T2Q=",
      "optional": true
    },
    "type-is": {
      "version": "1.6.15",
      "resolved": "https://registry.npmjs.org/type-is/-/type-is-1.6.15.tgz",
      "integrity": "sha1-yrEPtJCeRByChC6v4a1kbIGARBA=",
      "requires": {
        "media-typer": "0.3.0",
        "mime-types": "2.1.17"
      }
    },
    "uglify-js": {
      "version": "2.8.29",
      "resolved": "https://registry.npmjs.org/uglify-js/-/uglify-js-2.8.29.tgz",
      "integrity": "sha1-KcVzMUgFe7Th913zW3qcty5qWd0=",
      "optional": true,
      "requires": {
        "source-map": "0.5.7",
        "uglify-to-browserify": "1.0.2",
        "yargs": "3.10.0"
      },
      "dependencies": {
        "source-map": {
          "version": "0.5.7",
          "resolved": "https://registry.npmjs.org/source-map/-/source-map-0.5.7.tgz",
          "integrity": "sha1-igOdLRAh0i0eoUyA2OpGi6LvP8w=",
          "optional": true
        }
      }
    },
    "uglify-to-browserify": {
      "version": "1.0.2",
      "resolved": "https://registry.npmjs.org/uglify-to-browserify/-/uglify-to-browserify-1.0.2.tgz",
      "integrity": "sha1-bgkk1r2mta/jSeOabWMoUKD4grc=",
      "optional": true
    },
    "uid-number": {
      "version": "0.0.6",
      "resolved": "https://registry.npmjs.org/uid-number/-/uid-number-0.0.6.tgz",
      "integrity": "sha1-DqEOgDXo61uOREnwbaHHMGY7qoE="
    },
    "uid-safe": {
      "version": "2.1.5",
      "resolved": "https://registry.npmjs.org/uid-safe/-/uid-safe-2.1.5.tgz",
      "integrity": "sha512-KPHm4VL5dDXKz01UuEd88Df+KzynaohSL9fBh096KWAxSKZQDI2uBrVqtvRM4rwrIrRRKsdLNML/lnaaVSRioA==",
      "requires": {
        "random-bytes": "1.0.0"
      }
    },
    "unpipe": {
      "version": "1.0.0",
      "resolved": "https://registry.npmjs.org/unpipe/-/unpipe-1.0.0.tgz",
      "integrity": "sha1-sr9O6FFKrmFltIF4KdIbLvSZBOw="
    },
    "url": {
      "version": "0.10.3",
      "resolved": "https://registry.npmjs.org/url/-/url-0.10.3.tgz",
      "integrity": "sha1-Ah5NnHcF8hu/N9A861h2dAJ3TGQ=",
      "requires": {
        "punycode": "1.3.2",
        "querystring": "0.2.0"
      },
      "dependencies": {
        "punycode": {
          "version": "1.3.2",
          "resolved": "https://registry.npmjs.org/punycode/-/punycode-1.3.2.tgz",
          "integrity": "sha1-llOgNvt8HuQjQvIyXM7v6jkmxI0="
        }
      }
    },
    "util": {
      "version": "0.10.3",
      "resolved": "https://registry.npmjs.org/util/-/util-0.10.3.tgz",
      "integrity": "sha1-evsa/lCAUkZInj23/g7TeTNqwPk=",
      "requires": {
        "inherits": "2.0.1"
      },
      "dependencies": {
        "inherits": {
          "version": "2.0.1",
          "resolved": "https://registry.npmjs.org/inherits/-/inherits-2.0.1.tgz",
          "integrity": "sha1-sX0I0ya0Qj5Wjv9xn5GwscvfafE="
        }
      }
    },
    "util-deprecate": {
      "version": "1.0.2",
      "resolved": "https://registry.npmjs.org/util-deprecate/-/util-deprecate-1.0.2.tgz",
      "integrity": "sha1-RQ1Nyfpw3nMnYvvS1KKJgUGaDM8="
    },
    "utils-merge": {
      "version": "1.0.1",
      "resolved": "https://registry.npmjs.org/utils-merge/-/utils-merge-1.0.1.tgz",
      "integrity": "sha1-n5VxD1CiZ5R7LMwSR0HBAoQn5xM="
    },
    "uuid": {
      "version": "3.1.0",
      "resolved": "https://registry.npmjs.org/uuid/-/uuid-3.1.0.tgz",
      "integrity": "sha512-DIWtzUkw04M4k3bf1IcpS2tngXEL26YUD2M0tMDUpnUrz2hgzUBlD55a4FjdLGPvfHxS6uluGWvaVEqgBcVa+g=="
    },
    "vary": {
      "version": "1.1.2",
      "resolved": "https://registry.npmjs.org/vary/-/vary-1.1.2.tgz",
      "integrity": "sha1-IpnwLG3tMNSllhsLn3RSShj2NPw="
    },
    "verror": {
      "version": "1.10.0",
      "resolved": "https://registry.npmjs.org/verror/-/verror-1.10.0.tgz",
      "integrity": "sha1-OhBcoXBTr1XW4nDB+CiGguGNpAA=",
      "requires": {
        "assert-plus": "1.0.0",
        "core-util-is": "1.0.2",
        "extsprintf": "1.3.0"
      }
    },
    "vows": {
      "version": "0.8.1",
      "resolved": "https://registry.npmjs.org/vows/-/vows-0.8.1.tgz",
      "integrity": "sha1-4J6YjOWUygWgjXKrzKNOiNtVkTE=",
      "requires": {
        "diff": "1.0.8",
        "eyes": "0.1.8",
        "glob": "4.0.6"
      },
      "dependencies": {
        "glob": {
          "version": "4.0.6",
          "resolved": "https://registry.npmjs.org/glob/-/glob-4.0.6.tgz",
          "integrity": "sha1-aVxQvdTi+1xdNwsJHziNNwfikac=",
          "requires": {
            "graceful-fs": "3.0.11",
            "inherits": "2.0.3",
            "minimatch": "1.0.0",
            "once": "1.4.0"
          }
        },
        "graceful-fs": {
          "version": "3.0.11",
          "resolved": "https://registry.npmjs.org/graceful-fs/-/graceful-fs-3.0.11.tgz",
          "integrity": "sha1-dhPHeKGv6mLyXGMKCG1/Osu92Bg=",
          "requires": {
            "natives": "1.1.0"
          }
        },
        "minimatch": {
          "version": "1.0.0",
          "resolved": "https://registry.npmjs.org/minimatch/-/minimatch-1.0.0.tgz",
          "integrity": "sha1-4N0hILSeG3JM6NcUxSCCKpQ4V20=",
          "requires": {
            "lru-cache": "2.7.3",
            "sigmund": "1.0.1"
          }
        }
      }
    },
    "walk": {
      "version": "2.3.9",
      "resolved": "https://registry.npmjs.org/walk/-/walk-2.3.9.tgz",
      "integrity": "sha1-MbTbZnjyrgHDnqn7hyWpAx5Vins=",
      "requires": {
        "foreachasync": "3.0.0"
      }
    },
    "wide-align": {
      "version": "1.1.2",
      "resolved": "https://registry.npmjs.org/wide-align/-/wide-align-1.1.2.tgz",
      "integrity": "sha512-ijDLlyQ7s6x1JgCLur53osjm/UXUYD9+0PbYKrBsYisYXzCxN+HC3mYDNy/dWdmf3AwqwU3CXwDCvsNgGK1S0w==",
      "requires": {
        "string-width": "1.0.2"
      }
    },
    "window-size": {
      "version": "0.1.0",
      "resolved": "https://registry.npmjs.org/window-size/-/window-size-0.1.0.tgz",
      "integrity": "sha1-VDjNLqk7IC76Ohn+iIeu58lPnJ0=",
      "optional": true
    },
    "wordwrap": {
      "version": "0.0.3",
      "resolved": "https://registry.npmjs.org/wordwrap/-/wordwrap-0.0.3.tgz",
      "integrity": "sha1-o9XabNXAvAAI03I0u68b7WMFkQc="
    },
    "wrappy": {
      "version": "1.0.2",
      "resolved": "https://registry.npmjs.org/wrappy/-/wrappy-1.0.2.tgz",
      "integrity": "sha1-tSQ9jz7BqjXxNkYFvA0QNuMKtp8="
    },
    "xml2js": {
      "version": "0.4.17",
      "resolved": "https://registry.npmjs.org/xml2js/-/xml2js-0.4.17.tgz",
      "integrity": "sha1-F76T6q4/O3eTWceVtBlwWogX6Gg=",
      "requires": {
        "sax": "1.2.1",
        "xmlbuilder": "4.2.1"
      }
    },
    "xmlbuilder": {
      "version": "4.2.1",
      "resolved": "https://registry.npmjs.org/xmlbuilder/-/xmlbuilder-4.2.1.tgz",
      "integrity": "sha1-qlijBBoGb5DqoWwvU4n/GfP0YaU=",
      "requires": {
        "lodash": "4.17.4"
      }
    },
    "yargs": {
      "version": "3.10.0",
      "resolved": "https://registry.npmjs.org/yargs/-/yargs-3.10.0.tgz",
      "integrity": "sha1-9+572FfdfB0tOMDnTvvWgdFDH9E=",
      "optional": true,
      "requires": {
        "camelcase": "1.2.1",
        "cliui": "2.1.0",
        "decamelize": "1.2.0",
        "window-size": "0.1.0"
      }
    }
  }
}
