{"v":"5.0.5","fr":25,"ip":0,"op":125,"w":488,"h":488,"nm":"compliance","ddd":0,"assets":[{"id":"image_0","w":488,"h":488,"u":"images/","p":"img_0.png"},{"id":"image_1","w":488,"h":488,"u":"images/","p":"img_1.png"},{"id":"image_2","w":488,"h":488,"u":"images/","p":"img_2.png"},{"id":"image_3","w":488,"h":488,"u":"images/","p":"img_3.png"}],"layers":[{"ddd":0,"ind":1,"ty":2,"nm":"tick/compliance.ai","cl":"ai","refId":"image_0","sr":1,"ks":{"o":{"a":0,"k":100,"ix":11},"r":{"a":0,"k":0,"ix":10},"p":{"a":0,"k":[244,244,0],"ix":2},"a":{"a":0,"k":[244,244,0],"ix":1},"s":{"a":0,"k":[100,100,100],"ix":6}},"ao":0,"ip":0,"op":125,"st":0,"bm":0},{"ddd":0,"ind":2,"ty":2,"nm":"left-shield/compliance.ai","cl":"ai","refId":"image_1","sr":1,"ks":{"o":{"a":0,"k":100,"ix":11},"r":{"a":0,"k":0,"ix":10},"p":{"a":0,"k":[244,244,0],"ix":2},"a":{"a":0,"k":[244,244,0],"ix":1},"s":{"a":0,"k":[100,100,100],"ix":6}},"ao":0,"ip":0,"op":125,"st":0,"bm":0},{"ddd":0,"ind":3,"ty":2,"nm":"right-shield/compliance.ai","cl":"ai","refId":"image_2","sr":1,"ks":{"o":{"a":0,"k":100,"ix":11},"r":{"a":0,"k":0,"ix":10},"p":{"a":0,"k":[244,244,0],"ix":2},"a":{"a":0,"k":[244,244,0],"ix":1},"s":{"a":0,"k":[100,100,100],"ix":6}},"ao":0,"ef":[{"ty":5,"nm":"CC Light Sweep","np":11,"mn":"CC Light Sweep","ix":1,"en":1,"ef":[{"ty":3,"nm":"Center","mn":"CC Light Sweep-0001","ix":1,"v":{"a":1,"k":[{"i":{"x":0.833,"y":0.833},"o":{"x":0.167,"y":0.167},"n":"0p833_0p833_0p167_0p167","t":0,"s":[78,54],"e":[567,36],"to":[0,0],"ti":[0,0]},{"t":9}],"ix":1}},{"ty":0,"nm":"Direction","mn":"CC Light Sweep-0002","ix":2,"v":{"a":0,"k":4,"ix":2}},{"ty":7,"nm":"Shape","mn":"CC Light Sweep-0003","ix":3,"v":{"a":0,"k":3,"ix":3}},{"ty":0,"nm":"Width","mn":"CC Light Sweep-0004","ix":4,"v":{"a":0,"k":60,"ix":4}},{"ty":0,"nm":"Sweep Intensity","mn":"CC Light Sweep-0005","ix":5,"v":{"a":0,"k":15,"ix":5}},{"ty":0,"nm":"Edge Intensity","mn":"CC Light Sweep-0006","ix":6,"v":{"a":0,"k":50,"ix":6}},{"ty":0,"nm":"Edge Thickness","mn":"CC Light Sweep-0007","ix":7,"v":{"a":0,"k":4,"ix":7}},{"ty":2,"nm":"Light Color","mn":"CC Light Sweep-0008","ix":8,"v":{"a":0,"k":[1,0.980392158031,0.941176474094,1],"ix":8}},{"ty":7,"nm":"Light Reception","mn":"CC Light Sweep-0009","ix":9,"v":{"a":0,"k":1,"ix":9}}]},{"ty":5,"nm":"CC Light Sweep 2","np":11,"mn":"CC Light Sweep","ix":2,"en":1,"ef":[{"ty":3,"nm":"Center","mn":"CC Light Sweep-0001","ix":1,"v":{"a":1,"k":[{"i":{"x":0.833,"y":0.833},"o":{"x":0.167,"y":0.167},"n":"0p833_0p833_0p167_0p167","t":6,"s":[78,54],"e":[567,36],"to":[0,0],"ti":[0,0]},{"t":15}],"ix":1}},{"ty":0,"nm":"Direction","mn":"CC Light Sweep-0002","ix":2,"v":{"a":0,"k":4,"ix":2}},{"ty":7,"nm":"Shape","mn":"CC Light Sweep-0003","ix":3,"v":{"a":0,"k":3,"ix":3}},{"ty":0,"nm":"Width","mn":"CC Light Sweep-0004","ix":4,"v":{"a":0,"k":60,"ix":4}},{"ty":0,"nm":"Sweep Intensity","mn":"CC Light Sweep-0005","ix":5,"v":{"a":0,"k":15,"ix":5}},{"ty":0,"nm":"Edge Intensity","mn":"CC Light Sweep-0006","ix":6,"v":{"a":0,"k":50,"ix":6}},{"ty":0,"nm":"Edge Thickness","mn":"CC Light Sweep-0007","ix":7,"v":{"a":0,"k":4,"ix":7}},{"ty":2,"nm":"Light Color","mn":"CC Light Sweep-0008","ix":8,"v":{"a":0,"k":[1,0.980392158031,0.941176474094,1],"ix":8}},{"ty":7,"nm":"Light Reception","mn":"CC Light Sweep-0009","ix":9,"v":{"a":0,"k":1,"ix":9}}]}],"ip":0,"op":125,"st":0,"bm":0},{"ddd":0,"ind":4,"ty":2,"nm":"circle/compliance.ai","cl":"ai","refId":"image_3","sr":1,"ks":{"o":{"a":0,"k":100,"ix":11},"r":{"a":0,"k":0,"ix":10},"p":{"a":0,"k":[244,244,0],"ix":2},"a":{"a":0,"k":[244,244,0],"ix":1},"s":{"a":0,"k":[100,100,100],"ix":6}},"ao":0,"ip":0,"op":125,"st":0,"bm":0}],"markers":[]}