{"v":"5.0.5","fr":25,"ip":0,"op":225,"w":488,"h":488,"nm":"customize_2","ddd":0,"assets":[{"id":"image_0","w":488,"h":488,"u":"images/","p":"img_0.png"},{"id":"image_1","w":488,"h":488,"u":"images/","p":"img_1.png"},{"id":"image_2","w":488,"h":488,"u":"images/","p":"img_2.png"},{"id":"image_3","w":488,"h":488,"u":"images/","p":"img_3.png"},{"id":"image_4","w":488,"h":488,"u":"images/","p":"img_4.png"},{"id":"image_5","w":488,"h":488,"u":"images/","p":"img_5.png"},{"id":"image_6","w":488,"h":488,"u":"images/","p":"img_6.png"},{"id":"image_7","w":488,"h":488,"u":"images/","p":"img_7.png"},{"id":"image_8","w":488,"h":488,"u":"images/","p":"img_8.png"}],"layers":[{"ddd":0,"ind":1,"ty":2,"nm":"cursor/customize.ai","cl":"ai","refId":"image_0","sr":1,"ks":{"o":{"a":0,"k":100,"ix":11},"r":{"a":0,"k":0,"ix":10},"p":{"a":1,"k":[{"i":{"x":0.667,"y":1},"o":{"x":0.333,"y":0},"n":"0p667_1_0p333_0","t":0,"s":[248,252,0],"e":[164,172,0],"to":[0,0,0],"ti":[0,0,0]},{"i":{"x":0.667,"y":0.667},"o":{"x":0.333,"y":0.333},"n":"0p667_0p667_0p333_0p333","t":13,"s":[164,172,0],"e":[164,172,0],"to":[0,0,0],"ti":[0,0,0]},{"i":{"x":0.667,"y":1},"o":{"x":0.333,"y":0},"n":"0p667_1_0p333_0","t":29,"s":[164,172,0],"e":[408,416,0],"to":[0,0,0],"ti":[0,0,0]},{"i":{"x":0.667,"y":0.667},"o":{"x":0.333,"y":0.333},"n":"0p667_0p667_0p333_0p333","t":45,"s":[408,416,0],"e":[408,416,0],"to":[0,0,0],"ti":[0,0,0]},{"i":{"x":0.667,"y":1},"o":{"x":0.333,"y":0},"n":"0p667_1_0p333_0","t":82,"s":[408,416,0],"e":[404,176,0],"to":[0,0,0],"ti":[0,0,0]},{"i":{"x":0.667,"y":0.667},"o":{"x":0.333,"y":0.333},"n":"0p667_0p667_0p333_0p333","t":101,"s":[404,176,0],"e":[404,176,0],"to":[0,0,0],"ti":[0,0,0]},{"i":{"x":0.667,"y":1},"o":{"x":0.333,"y":0},"n":"0p667_1_0p333_0","t":130,"s":[404,176,0],"e":[128,424,0],"to":[0,0,0],"ti":[0,0,0]},{"i":{"x":0.667,"y":0.667},"o":{"x":0.333,"y":0.333},"n":"0p667_0p667_0p333_0p333","t":143,"s":[128,424,0],"e":[128,424,0],"to":[0,0,0],"ti":[0,0,0]},{"i":{"x":0.667,"y":1},"o":{"x":0.333,"y":0},"n":"0p667_1_0p333_0","t":175,"s":[128,424,0],"e":[248,252,0],"to":[0,0,0],"ti":[0,0,0]},{"t":190}],"ix":2},"a":{"a":0,"k":[244,244,0],"ix":1},"s":{"a":0,"k":[100,100,100],"ix":6}},"ao":0,"ip":0,"op":225,"st":0,"bm":0},{"ddd":0,"ind":2,"ty":2,"nm":"selected-1/customize.ai","cl":"ai","refId":"image_1","sr":1,"ks":{"o":{"a":1,"k":[{"i":{"x":[0.667],"y":[1]},"o":{"x":[0.333],"y":[0]},"n":["0p667_1_0p333_0"],"t":15,"s":[0],"e":[100]},{"t":21}],"ix":11},"r":{"a":0,"k":0,"ix":10},"p":{"a":0,"k":[112,120,0],"ix":2},"a":{"a":0,"k":[112,120,0],"ix":1},"s":{"a":1,"k":[{"i":{"x":[0.667,0.667,0.667],"y":[1,1,1]},"o":{"x":[0.333,0.333,0.333],"y":[0,0,0]},"n":["0p667_1_0p333_0","0p667_1_0p333_0","0p667_1_0p333_0"],"t":15,"s":[100,100,100],"e":[30,30,100]},{"i":{"x":[0.667,0.667,0.667],"y":[1,1,1]},"o":{"x":[0.333,0.333,0.333],"y":[0,0,0]},"n":["0p667_1_0p333_0","0p667_1_0p333_0","0p667_1_0p333_0"],"t":18,"s":[30,30,100],"e":[100,100,100]},{"t":23}],"ix":6}},"ao":0,"ip":13,"op":238,"st":13,"bm":0},{"ddd":0,"ind":3,"ty":2,"nm":"selected-2/customize.ai","cl":"ai","refId":"image_2","sr":1,"ks":{"o":{"a":1,"k":[{"i":{"x":[0.667],"y":[1]},"o":{"x":[0.333],"y":[0]},"n":["0p667_1_0p333_0"],"t":109,"s":[0],"e":[100]},{"t":115}],"ix":11},"r":{"a":0,"k":0,"ix":10},"p":{"a":0,"k":[382,118,0],"ix":2},"a":{"a":0,"k":[382,118,0],"ix":1},"s":{"a":1,"k":[{"i":{"x":[0.667,0.667,0.667],"y":[1,1,1]},"o":{"x":[0.333,0.333,0.333],"y":[0,0,0]},"n":["0p667_1_0p333_0","0p667_1_0p333_0","0p667_1_0p333_0"],"t":109,"s":[100,100,100],"e":[30,30,100]},{"i":{"x":[0.667,0.667,0.667],"y":[1,1,1]},"o":{"x":[0.333,0.333,0.333],"y":[0,0,0]},"n":["0p667_1_0p333_0","0p667_1_0p333_0","0p667_1_0p333_0"],"t":112,"s":[30,30,100],"e":[100,100,100]},{"t":117}],"ix":6}},"ao":0,"ip":105,"op":330,"st":105,"bm":0},{"ddd":0,"ind":4,"ty":2,"nm":"selected-3/customize.ai","cl":"ai","refId":"image_3","sr":1,"ks":{"o":{"a":1,"k":[{"i":{"x":[0.667],"y":[1]},"o":{"x":[0.333],"y":[0]},"n":["0p667_1_0p333_0"],"t":149,"s":[0],"e":[100]},{"t":155}],"ix":11},"r":{"a":0,"k":0,"ix":10},"p":{"a":0,"k":[110,384,0],"ix":2},"a":{"a":0,"k":[110,384,0],"ix":1},"s":{"a":1,"k":[{"i":{"x":[0.667,0.667,0.667],"y":[1,1,1]},"o":{"x":[0.333,0.333,0.333],"y":[0,0,0]},"n":["0p667_1_0p333_0","0p667_1_0p333_0","0p667_1_0p333_0"],"t":149,"s":[100,100,100],"e":[30,30,100]},{"i":{"x":[0.667,0.667,0.667],"y":[1,1,1]},"o":{"x":[0.333,0.333,0.333],"y":[0,0,0]},"n":["0p667_1_0p333_0","0p667_1_0p333_0","0p667_1_0p333_0"],"t":152,"s":[30,30,100],"e":[100,100,100]},{"t":157}],"ix":6}},"ao":0,"ip":146,"op":371,"st":146,"bm":0},{"ddd":0,"ind":5,"ty":2,"nm":"selected-4/customize.ai","cl":"ai","refId":"image_4","sr":1,"ks":{"o":{"a":1,"k":[{"i":{"x":[0.667],"y":[1]},"o":{"x":[0.333],"y":[0]},"n":["0p667_1_0p333_0"],"t":51,"s":[0],"e":[100]},{"t":57}],"ix":11},"r":{"a":0,"k":0,"ix":10},"p":{"a":0,"k":[378,382,0],"ix":2},"a":{"a":0,"k":[376,380,0],"ix":1},"s":{"a":1,"k":[{"i":{"x":[0.667,0.667,0.667],"y":[1,1,1]},"o":{"x":[0.333,0.333,0.333],"y":[0,0,0]},"n":["0p667_1_0p333_0","0p667_1_0p333_0","0p667_1_0p333_0"],"t":51,"s":[100,100,100],"e":[30,30,100]},{"i":{"x":[0.667,0.667,0.667],"y":[1,1,1]},"o":{"x":[0.333,0.333,0.333],"y":[0,0,0]},"n":["0p667_1_0p333_0","0p667_1_0p333_0","0p667_1_0p333_0"],"t":54,"s":[30,30,100],"e":[100,100,100]},{"t":59}],"ix":6}},"ao":0,"ip":47,"op":272,"st":47,"bm":0},{"ddd":0,"ind":6,"ty":2,"nm":"unselected-1/customize.ai","cl":"ai","refId":"image_5","sr":1,"ks":{"o":{"a":1,"k":[{"i":{"x":[0.667],"y":[1]},"o":{"x":[0.333],"y":[0]},"n":["0p667_1_0p333_0"],"t":19,"s":[100],"e":[0]},{"i":{"x":[0.667],"y":[1]},"o":{"x":[0.333],"y":[0]},"n":["0p667_1_0p333_0"],"t":21,"s":[0],"e":[100]},{"t":23}],"ix":11},"r":{"a":0,"k":0,"ix":10},"p":{"a":0,"k":[112,124,0],"ix":2},"a":{"a":0,"k":[112,124,0],"ix":1},"s":{"a":0,"k":[100,100,100],"ix":6}},"ao":0,"ip":0,"op":225,"st":0,"bm":0},{"ddd":0,"ind":7,"ty":2,"nm":"unselected-2/customize.ai","cl":"ai","refId":"image_6","sr":1,"ks":{"o":{"a":1,"k":[{"i":{"x":[0.667],"y":[1]},"o":{"x":[0.333],"y":[0]},"n":["0p667_1_0p333_0"],"t":113,"s":[100],"e":[0]},{"i":{"x":[0.667],"y":[1]},"o":{"x":[0.333],"y":[0]},"n":["0p667_1_0p333_0"],"t":115,"s":[0],"e":[100]},{"t":117}],"ix":11},"r":{"a":0,"k":0,"ix":10},"p":{"a":0,"k":[376,116,0],"ix":2},"a":{"a":0,"k":[376,116,0],"ix":1},"s":{"a":0,"k":[100,100,100],"ix":6}},"ao":0,"ip":0,"op":225,"st":0,"bm":0},{"ddd":0,"ind":8,"ty":2,"nm":"unselected-3/customize.ai","cl":"ai","refId":"image_7","sr":1,"ks":{"o":{"a":1,"k":[{"i":{"x":[0.667],"y":[1]},"o":{"x":[0.333],"y":[0]},"n":["0p667_1_0p333_0"],"t":153,"s":[100],"e":[0]},{"i":{"x":[0.667],"y":[1]},"o":{"x":[0.333],"y":[0]},"n":["0p667_1_0p333_0"],"t":155,"s":[0],"e":[100]},{"t":157}],"ix":11},"r":{"a":0,"k":0,"ix":10},"p":{"a":0,"k":[112,388,0],"ix":2},"a":{"a":0,"k":[112,388,0],"ix":1},"s":{"a":0,"k":[100,100,100],"ix":6}},"ao":0,"ip":0,"op":225,"st":0,"bm":0},{"ddd":0,"ind":9,"ty":2,"nm":"unselected-4/customize.ai","cl":"ai","refId":"image_8","sr":1,"ks":{"o":{"a":1,"k":[{"i":{"x":[0.667],"y":[1]},"o":{"x":[0.333],"y":[0]},"n":["0p667_1_0p333_0"],"t":55,"s":[100],"e":[0]},{"i":{"x":[0.667],"y":[1]},"o":{"x":[0.333],"y":[0]},"n":["0p667_1_0p333_0"],"t":57,"s":[0],"e":[100]},{"t":59}],"ix":11},"r":{"a":0,"k":0,"ix":10},"p":{"a":0,"k":[378,384,0],"ix":2},"a":{"a":0,"k":[378,384,0],"ix":1},"s":{"a":0,"k":[100,100,100],"ix":6}},"ao":0,"ip":0,"op":225,"st":0,"bm":0}],"markers":[]}