{"v":"5.0.5","fr":25,"ip":0,"op":150,"w":600,"h":600,"nm":"security","ddd":0,"assets":[{"id":"image_0","w":488,"h":488,"u":"images/","p":"img_0.png"},{"id":"image_1","w":488,"h":488,"u":"images/","p":"img_1.png"},{"id":"image_2","w":488,"h":488,"u":"images/","p":"img_2.png"},{"id":"image_3","w":488,"h":488,"u":"images/","p":"img_3.png"}],"layers":[{"ddd":0,"ind":1,"ty":2,"nm":"key_hole","refId":"image_0","sr":1,"ks":{"o":{"a":0,"k":100,"ix":11},"r":{"a":0,"k":0,"ix":10},"p":{"a":0,"k":[300,300,0],"ix":2},"a":{"a":0,"k":[244,244,0],"ix":1},"s":{"a":1,"k":[{"i":{"x":[0.444,0.444,0.833],"y":[0.83,0.83,0.994]},"o":{"x":[0.167,0.167,0.167],"y":[0.111,0.111,-0.467]},"n":["0p444_0p83_0p167_0p111","0p444_0p83_0p167_0p111","0p833_0p994_0p167_-0p467"],"t":40,"s":[100,100,100],"e":[95,95,100]},{"i":{"x":[0,0,0.833],"y":[2.501,2.501,-0.563]},"o":{"x":[1,1,0.167],"y":[-1.38,-1.38,0.026]},"n":["0_2p501_1_-1p38","0_2p501_1_-1p38","0p833_-0p563_0p167_0p026"],"t":42,"s":[95,95,100],"e":[100,100,100]},{"t":51}],"ix":6}},"ao":0,"ip":0,"op":154,"st":0,"bm":0},{"ddd":0,"ind":2,"ty":2,"nm":"right","refId":"image_1","sr":1,"ks":{"o":{"a":0,"k":100,"ix":11},"r":{"a":0,"k":0,"ix":10},"p":{"a":0,"k":[300,300,0],"ix":2},"a":{"a":0,"k":[244,244,0],"ix":1},"s":{"a":1,"k":[{"i":{"x":[0.444,0.444,0.833],"y":[0.83,0.83,0.994]},"o":{"x":[0.167,0.167,0.167],"y":[0.111,0.111,-0.467]},"n":["0p444_0p83_0p167_0p111","0p444_0p83_0p167_0p111","0p833_0p994_0p167_-0p467"],"t":40,"s":[100,100,100],"e":[95,95,100]},{"i":{"x":[0,0,0.833],"y":[2.501,2.501,-0.563]},"o":{"x":[1,1,0.167],"y":[-1.38,-1.38,0.026]},"n":["0_2p501_1_-1p38","0_2p501_1_-1p38","0p833_-0p563_0p167_0p026"],"t":42,"s":[95,95,100],"e":[100,100,100]},{"t":51}],"ix":6}},"ao":0,"ip":0,"op":154,"st":0,"bm":0},{"ddd":0,"ind":3,"ty":2,"nm":"left","refId":"image_2","sr":1,"ks":{"o":{"a":0,"k":100,"ix":11},"r":{"a":0,"k":0,"ix":10},"p":{"a":0,"k":[300,300,0],"ix":2},"a":{"a":0,"k":[244,244,0],"ix":1},"s":{"a":1,"k":[{"i":{"x":[0.444,0.444,0.833],"y":[0.83,0.83,0.994]},"o":{"x":[0.167,0.167,0.167],"y":[0.111,0.111,-0.467]},"n":["0p444_0p83_0p167_0p111","0p444_0p83_0p167_0p111","0p833_0p994_0p167_-0p467"],"t":40,"s":[100,100,100],"e":[95,95,100]},{"i":{"x":[0,0,0.833],"y":[2.501,2.501,-0.563]},"o":{"x":[1,1,0.167],"y":[-1.38,-1.38,0.026]},"n":["0_2p501_1_-1p38","0_2p501_1_-1p38","0p833_-0p563_0p167_0p026"],"t":42,"s":[95,95,100],"e":[100,100,100]},{"t":51}],"ix":6}},"ao":0,"ip":0,"op":154,"st":0,"bm":0},{"ddd":0,"ind":4,"ty":2,"nm":"top","refId":"image_3","sr":1,"ks":{"o":{"a":0,"k":100,"ix":11},"r":{"a":1,"k":[{"i":{"x":[0.833],"y":[0.833]},"o":{"x":[0.167],"y":[0.167]},"n":["0p833_0p833_0p167_0p167"],"t":5,"s":[0],"e":[-20]},{"i":{"x":[0.833],"y":[0.833]},"o":{"x":[0.167],"y":[0.167]},"n":["0p833_0p833_0p167_0p167"],"t":37,"s":[-20],"e":[0]},{"t":38}],"ix":10},"p":{"a":0,"k":[300,300,0],"ix":2},"a":{"a":0,"k":[244,244,0],"ix":1},"s":{"a":1,"k":[{"i":{"x":[0.444,0.444,0.833],"y":[0.83,0.83,0.994]},"o":{"x":[0.167,0.167,0.167],"y":[0.111,0.111,-0.467]},"n":["0p444_0p83_0p167_0p111","0p444_0p83_0p167_0p111","0p833_0p994_0p167_-0p467"],"t":40,"s":[100,100,100],"e":[95,95,100]},{"i":{"x":[0,0,0.833],"y":[2.501,2.501,-0.563]},"o":{"x":[1,1,0.167],"y":[-1.38,-1.38,0.026]},"n":["0_2p501_1_-1p38","0_2p501_1_-1p38","0p833_-0p563_0p167_0p026"],"t":42,"s":[95,95,100],"e":[100,100,100]},{"t":51}],"ix":6}},"ao":0,"ip":0,"op":154,"st":0,"bm":0}],"markers":[]}