{"v":"5.0.5","fr":25,"ip":0,"op":100,"w":488,"h":488,"nm":"management-panel","ddd":0,"assets":[{"id":"image_0","w":488,"h":488,"u":"images/","p":"img_0.png"},{"id":"image_1","w":488,"h":488,"u":"images/","p":"img_1.png"},{"id":"image_2","w":488,"h":488,"u":"images/","p":"img_2.png"},{"id":"image_3","w":488,"h":488,"u":"images/","p":"img_3.png"}],"layers":[{"ddd":0,"ind":1,"ty":2,"nm":"top/management-panel.ai","cl":"ai","refId":"image_0","sr":1,"ks":{"o":{"a":0,"k":100,"ix":11},"r":{"a":0,"k":0,"ix":10},"p":{"a":0,"k":[244,244,0],"ix":2},"a":{"a":0,"k":[244,244,0],"ix":1},"s":{"a":1,"k":[{"i":{"x":[0.439,0.439,0.833],"y":[1.404,1.404,1]},"o":{"x":[0.153,0.153,0.167],"y":[1.153,1.153,0]},"n":["0p439_1p404_0p153_1p153","0p439_1p404_0p153_1p153","0p833_1_0p167_0"],"t":6,"s":[0,0,100],"e":[100,100,100]},{"t":13}],"ix":6}},"ao":0,"ip":0,"op":100,"st":0,"bm":0},{"ddd":0,"ind":2,"ty":2,"nm":"middle/management-panel.ai","cl":"ai","refId":"image_1","sr":1,"ks":{"o":{"a":0,"k":100,"ix":11},"r":{"a":0,"k":0,"ix":10},"p":{"a":0,"k":[244,244,0],"ix":2},"a":{"a":0,"k":[244,244,0],"ix":1},"s":{"a":1,"k":[{"i":{"x":[0.439,0.439,0.833],"y":[1.404,1.404,1]},"o":{"x":[0.153,0.153,0.167],"y":[1.153,1.153,0]},"n":["0p439_1p404_0p153_1p153","0p439_1p404_0p153_1p153","0p833_1_0p167_0"],"t":4,"s":[0,0,100],"e":[100,100,100]},{"t":11}],"ix":6}},"ao":0,"ip":0,"op":100,"st":0,"bm":0},{"ddd":0,"ind":3,"ty":2,"nm":"bottom/management-panel.ai","cl":"ai","refId":"image_2","sr":1,"ks":{"o":{"a":0,"k":100,"ix":11},"r":{"a":0,"k":0,"ix":10},"p":{"a":0,"k":[244,244,0],"ix":2},"a":{"a":0,"k":[244,244,0],"ix":1},"s":{"a":1,"k":[{"i":{"x":[0.439,0.439,0.833],"y":[1.404,1.404,1]},"o":{"x":[0.153,0.153,0.167],"y":[1.153,1.153,0]},"n":["0p439_1p404_0p153_1p153","0p439_1p404_0p153_1p153","0p833_1_0p167_0"],"t":0,"s":[0,0,100],"e":[100,100,100]},{"t":7}],"ix":6}},"ao":0,"ip":0,"op":100,"st":0,"bm":0},{"ddd":0,"ind":4,"ty":2,"nm":"circle/management-panel.ai","cl":"ai","refId":"image_3","sr":1,"ks":{"o":{"a":0,"k":100,"ix":11},"r":{"a":0,"k":0,"ix":10},"p":{"a":0,"k":[244,244,0],"ix":2},"a":{"a":0,"k":[244,244,0],"ix":1},"s":{"a":0,"k":[100,100,100],"ix":6}},"ao":0,"ip":0,"op":100,"st":0,"bm":0}],"markers":[]}